<!DOCTYPE hibernate-configuration PUBLIC
        "-//Hibernate/Hibernate Configuration DTD 3.0//EN"
        "http://www.hibernate.org/dtd/hibernate-configuration-3.0.dtd">

<hibernate-configuration>

    <session-factory>
    
	    <property name="show_sql">true</property>
		<property name="format_sql">true</property>
		<property name="use_sql_comments">true</property>

        <!-- JDBC Database connection settings -->
        <property name="connection.driver_class">com.mysql.jdbc.Driver</property>
      <property name="hibernate.connection.password">password</property>
		<property name="hibernate.connection.url">jdbc:mysql://199.172.1.10:3306/form</property>
		<property name="hibernate.connection.username">root</property>

        <!-- JDBC connection pool settings ... using built-in test pool -->
        <!-- <property name="connection.pool_size">1</property> -->

        <!-- Select our SQL dialect -->
        <property name="dialect">org.hibernate.dialect.MySQLDialect</property>

        <!-- Echo the SQL to stdout -->
        <property name="show_sql">true</property>
		
		<!-- <property name="hibernate.hbm2ddl.auto">update</property> --> 
		
		<!-- Set the current session context -->
		<!-- <property name="current_session_context_class">thread</property> --> 

		<property name="hibernate.c3p0.validate">true</property>
		<property name="hibernate.generate_statistics">true</property>

		<property name="hibernate.connection.provider_class">org.hibernate.connection.C3P0ConnectionProvider</property>

		<!-- Use the C3P0 connection pool provider -->
		<property name="hibernate.c3p0.min_size">1</property>
		<property name="hibernate.c3p0.max_size">30</property>
		<property name="hibernate.c3p0.timeout">120</property>
		<property name="hibernate.c3p0.acquireRetryAttempts">3</property>
		<property name="hibernate.c3p0.max_statements">50</property>
		
<!-- 		<mapping class="org.ird.unfepi.formmodule.model.FieldType" />
  		<mapping class="org.ird.unfepi.formmodule.model.Form" />
  		<mapping class="org.ird.unfepi.formmodule.model.Field" />
  		<mapping class="org.ird.unfepi.formmodule.model.FieldListOptions" />
  		<mapping class="org.ird.unfepi.formmodule.model.FormSubmission" />
  		<mapping class="org.ird.unfepi.formmodule.model.FormSubmissionField" /> -->

    </session-factory>

</hibernate-configuration>
