CREATE DATABASE  IF NOT EXISTS `form` /*!40100 DEFAULT CHARACTER SET latin1 */;
USE `form`;
-- MySQL dump 10.13  Distrib 5.6.13, for Win32 (x86)
--
-- Host: localhost    Database: form
-- ------------------------------------------------------
-- Server version	5.5.27

/*!40101 SET @OLD_CHARACTER_SET_CLIENT=@@CHARACTER_SET_CLIENT */;
/*!40101 SET @OLD_CHARACTER_SET_RESULTS=@@CHARACTER_SET_RESULTS */;
/*!40101 SET @OLD_COLLATION_CONNECTION=@@COLLATION_CONNECTION */;
/*!40101 SET NAMES utf8 */;
/*!40103 SET @OLD_TIME_ZONE=@@TIME_ZONE */;
/*!40103 SET TIME_ZONE='+00:00' */;
/*!40014 SET @OLD_UNIQUE_CHECKS=@@UNIQUE_CHECKS, UNIQUE_CHECKS=0 */;
/*!40014 SET @OLD_FOREIGN_KEY_CHECKS=@@FOREIGN_KEY_CHECKS, FOREIGN_KEY_CHECKS=0 */;
/*!40101 SET @OLD_SQL_MODE=@@SQL_MODE, SQL_MODE='NO_AUTO_VALUE_ON_ZERO' */;
/*!40111 SET @OLD_SQL_NOTES=@@SQL_NOTES, SQL_NOTES=0 */;

--
-- Table structure for table `field`
--

DROP TABLE IF EXISTS `field`;
/*!40101 SET @saved_cs_client     = @@character_set_client */;
/*!40101 SET character_set_client = utf8 */;
CREATE TABLE `field` (
  `id` int(11) NOT NULL AUTO_INCREMENT,
  `field_name` varchar(45) DEFAULT NULL,
  `field_type_id` int(11) NOT NULL,
  `model_or_list` varchar(30) DEFAULT NULL,
  `model_name` varchar(100) DEFAULT NULL,
  `field_label` varchar(100) DEFAULT NULL,
  PRIMARY KEY (`id`)
) ENGINE=InnoDB AUTO_INCREMENT=272 DEFAULT CHARSET=latin1;
/*!40101 SET character_set_client = @saved_cs_client */;

--
-- Dumping data for table `field`
--

LOCK TABLES `field` WRITE;
/*!40000 ALTER TABLE `field` DISABLE KEYS */;
INSERT INTO `field` VALUES (1,'bcg',3,'list','','BCG'),(2,'bcgcount',2,'','','BCG Count'),(3,'check',1,'','','check'),(4,'editedDate',1,NULL,NULL,'Edited Date'),(5,'bcgannualcountforkarachi',2,'','','bcg annual count for Karachi'),(39,'fgh',3,'list',NULL,'dfh'),(40,'kjhskjfd',3,'list',NULL,'kjsh'),(41,'label',3,'list','','dfdfg'),(42,'a',3,'list','','a'),(43,'AField',2,NULL,NULL,'A'),(44,'gd',2,NULL,NULL,'gfjgj'),(45,'ghjhk',1,NULL,NULL,'fgh'),(46,'fghfh',1,NULL,NULL,'dfg'),(47,'field',2,NULL,NULL,'ghjghk'),(48,'gjgj',2,NULL,NULL,'fdfh'),(49,'fh',2,NULL,NULL,'hkhk'),(50,'fhgf',2,NULL,NULL,'hghjk'),(51,'jkl',2,NULL,NULL,'jkl'),(52,'j',2,NULL,NULL,'hg'),(53,'jk',2,NULL,NULL,'jl'),(54,'gfgj',2,NULL,NULL,'fh'),(55,'jgh',2,NULL,NULL,'dfgh'),(56,'dffh',2,NULL,NULL,'sdg'),(57,'l\'',2,NULL,NULL,'kl;'),(58,'fgjj',2,NULL,NULL,'fdhf'),(59,'jkkl;',2,NULL,NULL,'jjh'),(60,'ghj',2,NULL,NULL,'fg'),(61,'gjjh',2,NULL,NULL,'df'),(62,'gjjhsdf',2,NULL,NULL,'fgj'),(63,';kl;kl;',2,NULL,NULL,'jkj'),(64,'gjg',2,NULL,NULL,'fgh'),(65,'ghk',2,NULL,NULL,'fgjgj'),(66,'kl;',2,NULL,NULL,'hj'),(67,'fgjjghj',2,NULL,NULL,'dfhfh'),(68,'jghjghk',2,NULL,NULL,'fgjgh'),(69,'ghfghfg',2,NULL,NULL,'hf'),(70,'hfghf',2,NULL,NULL,'gdf'),(71,'dfgfdf',2,NULL,NULL,'sdg'),(72,'ggjgj',2,NULL,NULL,'fghfgj'),(73,'ghgh',2,NULL,NULL,'fgfgj'),(74,'jghkhk',2,NULL,NULL,'gh'),(75,'kljk',2,NULL,NULL,'gh'),(76,'bcg',3,'list',NULL,'BCG'),(77,'editedDate',4,NULL,NULL,'Edited Date'),(78,'fieldA',1,'','','dfggh'),(79,'abc',3,'model','','abc'),(80,'dfdffd',3,'list',NULL,'dfdf'),(81,'labelfield',3,'list',NULL,'Label'),(82,'bcgg',2,'','','bcg'),(83,'0-11AFPcases',2,'','','0-11 AFP cases'),(84,'0-11AFPdeaths',2,'','','0-11 AFP deaths'),(85,'0-11AFPcasesa',2,NULL,NULL,'0-11AFP cases'),(86,'dfh',2,NULL,NULL,'sdfdg'),(87,'hfhfh',2,NULL,NULL,'dfh'),(88,'gjghjgh',2,NULL,NULL,'fhfgh'),(89,'1-4AFPcases',2,'','','1-4 AFP cases'),(90,'1-4AFPdeaths',2,'','','1-4 AFP deaths'),(91,'5-14AFPcases',2,NULL,NULL,'5-14 AFP cases'),(92,'5-14AFPdeaths',2,'','','5-14 AFP deaths'),(93,'15yearsplusAFPcases',2,'','','15years and + Cases'),(94,'15years+deaths',2,NULL,NULL,'15 years and + deaths'),(95,'totalAFPcases',2,'','','Total AFP cases'),(96,'totalAFPdeaths',2,'','','Total AFP deaths'),(97,'fgjgj',2,NULL,NULL,'hfgh'),(98,'fgjgj',1,NULL,NULL,'hfgh'),(99,'ggjg',2,NULL,NULL,'fgjj'),(100,'fhj',2,NULL,NULL,'fgh'),(101,'fhj',1,NULL,NULL,'fgh'),(102,'fhj',1,NULL,NULL,'fgh'),(103,'fhj',4,NULL,NULL,'fgh'),(104,'abcd',2,NULL,NULL,'a'),(105,'asffds',1,NULL,NULL,'asf'),(106,'ghjgh',2,NULL,NULL,'fgh'),(107,'5-14yearsAFPcases',2,'','','5-14 years AFP cases'),(108,'0-11measlescases',2,'','','0-11Measles Cases'),(109,'0-11measlesdeaths',2,'','','0-11 Measles deaths'),(110,'1to4measlescases',2,'','','1 to 4 Measles cases'),(111,'1to4measlesdeaths',2,'','','1to4 Measles deaths'),(112,'5to14measlescases',2,'','','5 to 14 Measles cases'),(113,'5to14measlesdeaths',2,'','','5 to 14 measles deaths'),(114,'15yearsplusmeaslescases',2,'','','15 years plus Measles cases'),(115,'15yearsplusmeaslesdeaths',2,'','','15 years plus measles deaths'),(116,'0to11mntcases',2,'','','0 to 11 MNT cases'),(117,'0to11mntdeaths',2,'','','0 to 11 MNT deaths'),(118,'1to4mntcases',2,'','','1 to 4 MNT cases'),(119,'1to4mntdeaths',2,'','','1 to 4 MNT deaths'),(120,'5to14mntcases',2,'','','5 to 14 MNT cases'),(121,'5to14mntdeaths',2,'','','5 to 14 MNT deaths'),(122,'15yearsplusmntcases',2,'','','15 years plus MNT cases'),(123,'15yearsplusmntdeaths',2,'','','15 years plus MNT deaths'),(124,'totalmeaslescases',2,'','','Total Measles cases'),(125,'totalmeaslesdeaths',2,'','','Total Measles deaths'),(126,'totalmntcases',2,'','','Total MNT cases'),(127,'totalmntdeaths',2,'','','Total MNT deaths'),(128,'15yearsplusAFPdeaths',2,'','','15 years plus AFP deaths'),(129,'0-11Diphtheriacases',2,'','','0-11 Diphtheria cases'),(130,'0-11Diphtheriadeaths',2,'','','0-11 Diphtheria deaths'),(131,'1-4yearsDiphtheriacases',2,'','','1-4 years Diphtheria Cases'),(132,'1-4yearsDiphtheriadeaths',2,'','','1-4 years Diphtheria deaths'),(133,'5-14Diphtheriacases',2,'','','5-14 years Diphtheria cases'),(134,'5-14Diphtheriadeaths',2,'','','5-14 years Diphtheria deaths'),(135,'15yearsplusDiphtheriacases',2,'','','15 years plus Diphtheria cases'),(136,'15yearsplusDiphtheriadeaths',2,'','','15 years plus Diphtheria deaths'),(137,'totalDiphtheriacases',2,'','','Total Diphtheria cases'),(138,'totalDiphtheriadeaths',2,'','','Total Diphtheria deaths'),(139,'0-11pertussiscases',2,'','','0-11 Pertussis cases'),(140,'0-11pertussisdeaths',2,'','','0-11 Pertussis deaths'),(141,'1-4Pertussiscases',2,'','','1-4 years Pertussis cases'),(142,'1-4Pertussisdeaths',2,'','','1-4 years Pertussis deaths'),(143,'5-14pertussiscases',2,'','','5-14 years Pertussis cases'),(144,'5-14pertussisdeaths',2,'','','5-14 years Pertussis deaths'),(145,'15yearsplusPertussiscases',2,'','','15 years plus Pertussis cases'),(146,'15yearsplusPertussisdeaths',2,'','','15 years plus Pertussis deaths'),(147,'totalPertussiscases',2,'','','Total Pertussis cases'),(148,'totalPertussisdeaths',2,'','','Total Pertussis deaths'),(149,'0-11yellowfevercases',2,'','','0-11 Yellow Fever cases'),(150,'0-11yellowfeverdeaths',2,'','','0-11 Yellow fever deaths'),(151,'1-4yellowfevercases',2,'','','1-4 Yellow fever cases'),(152,'1-4yellowfeverdeaths',2,'','','1-4 yellow fever deaths'),(153,'5-14yellowfevercases',2,'','','5-14 Yellow fever cases'),(154,'5-14yellowfeverdeaths',2,'','','5-14 Yellow fever deaths'),(155,'15yearsplusyellowfevercases',2,'','','15 years plus Yellow fever cases'),(156,'15yearsplusyellowfeverdeaths',2,'','','15 years plus Yellow fever deaths'),(157,'totalyellowfevercases',2,'','','Total Yellow fever cases'),(158,'totalyellowfeverdeaths',2,'','','Total Yellow fever deaths'),(159,'0-11meningtitiscases',2,'','','0-11 Meningtits cases'),(160,'0-11meningtitisdeaths',2,'','','0-11 Meningtitis deaths'),(161,'1-4meningtitiscases',2,'','','1-4 Meningtitis cases'),(162,'1-4meningtitisdeaths',2,'','','1-4 Meningtitis deaths'),(163,'5-14yearsmeningtitscases',2,'','','5-14 years Meningtitis cases'),(164,'5-14meningtitisdeaths',2,'','','5-14 Meningtitis deaths'),(165,'15yearsplusmeningtitiscases',2,'','','15 years plus meningtitis cases'),(166,'15yearsmeningtitisdeaths',2,'','','15 years Meningtitis deaths'),(167,'totalmeningtitiscases',2,'','','Total Meningtitis cases'),(168,'totalmeningtitisdeaths',2,'','','Total Meningtitis deaths'),(169,'0-11Malariacases',2,'','','0-11 Malaria cases'),(170,'0-11Malariadeaths',2,'','','0-11 Malaria deaths'),(171,'1-4Malariacases',2,'','','1-4 Malaria cases'),(172,'1-4Malariadeaths',2,'','','1-4 Malaria deaths'),(173,'5-14Malariacases',2,'','','5-14 Malaria cases'),(174,'5-14Malariadeaths',2,'','','5-14 Malaria deaths'),(175,'15yearsplusMalariacases',2,'','','15 years plus Malaria cases'),(176,'15yearsplusMalariadeaths',2,'','','15 years plus Malaria deaths'),(177,'totalMalariacases',2,'','','Total Malaria cases'),(178,'totalMalariadeaths',2,'','','Total Malaria deaths'),(179,'0-11otherscases',2,'','','0-11 Others cases'),(180,'0-11othersdeaths',2,'','','0-11 Others deaths'),(181,'1-4otherscases',2,'','','1-4 Others cases'),(182,'1-4othersdeaths',2,'','','1-4 Others deaths'),(183,'5-14otherscases',2,'','','5-14 Others cases'),(184,'5-14othersdeaths',2,'','','5-14 Others deaths'),(185,'15yearsplusOtherscases',2,'','','15 years plus Others cases'),(186,'15yearsplusothersdeaths',2,'','','15 years Others deaths'),(187,'totalotherscases',2,'','','Total Others cases'),(188,'totalothersdeaths',2,'','','Total Others deaths'),(189,'totalAbscessescases',2,'','','Total Abscesses cases'),(190,'totalAnaphylaxiscases',2,'','','Total Anaphylaxis cases'),(191,'totalotherAllergicReactionscases',2,'','','Total Other Allergic Reactions cases'),(192,'totalBcgLymphadenitiscases',2,'','','Total BCG Lymphadenitis cases'),(193,'totaldeathscases',2,'','','Total deaths cases'),(194,'abscessesBcg',2,'','','Abscesses BCG'),(195,'abscessesPolio',2,'','','Abscesses Polio'),(196,'abscessesPenta',2,'','','Abscesses Penta'),(197,'abscessesMsl',2,'','','Abscesses MSL'),(198,'abscessestt',2,'','','Abscesses TT'),(199,'abscessesYf',2,'','','Abscesses YF'),(200,'anaphylaxisBcg',2,'','','Anaphylaxis BCG'),(201,'anaphylaxisPolio',2,'','','Anaphylaxis Polio'),(202,'anaphylaxisPenta',2,'','','Anaphylaxis Penta'),(203,'AnaphylaxisMsl',2,'','','Anaphylaxis MSL'),(204,'anaphylaxistt',2,'','','Anaphylaxis TT'),(205,'anaphylaxisYf',2,'','','Anaphylaxis YF'),(206,'oarBcg',2,'','','Other Allergic reactions BCG'),(207,'oarPolio',2,'','','Other Allergic Reactions Polio'),(208,'oarPenta',2,'','','Other Allergic reactions Penta'),(209,'oarMsl',2,'','','Other Allergic reactions MSL'),(210,'oarTt',2,'','','Other Allergic reactions TT'),(211,'oarYf',2,'','','Other Allergic reactions YF'),(212,'bcgLymbcg',2,'','','BCG Lymphadenitis BCG'),(213,'bcgLymPolio',2,'','','BCG Lymphadenitis Polio'),(214,'bcgLymPenta',2,'','','BCG Lymphadenitis Penta'),(215,'bcgLymMsl',2,'','','BCG Lymphadenitis MSL'),(216,'bcgLymTt',2,'','','BCG Lymphadenitis TT'),(217,'bcgLymYf',2,'','','BCG Lymphadenitis YF'),(218,'afpVS0',2,'','','AFP Vaccination Status 0'),(219,'afpVS1',2,'','','AFP Vaccination Status 1'),(220,'afpVS2',2,'','','AFP Vaccination Status 2'),(221,'afpVS3',2,'','','AFP Vaccination Status 3'),(222,'afpVSUnknown',2,'','','AFP Vaccination Status unknown'),(223,'measlesVS0',2,'','','Measles VS 0'),(224,'measlesVS1',2,'','','Measles VS 1'),(225,'measlesVS2',2,'','','Measles VS 2'),(226,'measlesVS3',2,'','','Measles VS 3'),(227,'measlesVSUnknown',2,'','','Measles VS Unknown'),(228,'mntVS0',2,'','','MNT VS 0'),(229,'mntVS1',2,'','','MNT VS 1'),(230,'mntVS2',2,'','','MNT VS 2'),(231,'mntVS3',2,'','','MNT VS 3'),(232,'mntVSUnknown',2,'','','MNT VS Unknown'),(233,'DiphVS0',2,'','','Diphtheria VS 0'),(234,'DiphVS1',2,'','','Diphtheria VS 1'),(235,'DiphVS2',2,'','','Diphtheria VS 2'),(236,'DiphVS3',2,'','','Diphtheria VS 3'),(237,'DiphVSUnknown',2,'','','Diphtheria VS Unknown'),(238,'pertussisVS0',2,'','','Pertussis VS 0'),(239,'pertussisVS1',2,'','','Pertussis VS 1'),(240,'pertussisVS2',2,'','','PertussisVS2'),(241,'pertussisVS3',2,'','','Pertussis VS 3'),(242,'pertussisVSUnknown',2,'','','Pertussis VS Unknown'),(243,'yfVS0',2,'','','YellowFever VS 0'),(244,'yfVS1',2,'','','YelloFever VS 1'),(245,'yfVS2',2,'','','YellowFever VS 2'),(246,'yfVS3',2,'','','YellowFever VS 3'),(247,'yfVSUnknown',2,'','','YellowFever VS Unknown'),(248,'meningtitisVS0',2,'','','Meningtitis VS 0'),(249,'meningtitisVS1',2,'','','Meningtitis VS 1'),(250,'meningtitisVS2',2,'','','Meningtitis VS 2'),(251,'meningtitisVS3',2,'','','Meningtitis VS 3'),(252,'meningtitisVSUnknown',2,'','','Meningtitis VS Unknown '),(253,'malariaVS0',2,'','','Malaria VS 0'),(254,'malariaVS1',2,'','','Malaria VS 1'),(255,'malariaVS2',2,'','','Malaria VS 2'),(256,'malariaVS3',2,'','','Malaria VS 3'),(257,'malariaVSUnknown',2,'','','Malaria VS Unknown'),(258,'othersVS0',2,'','','Others VS 0'),(259,'othersVS1',2,'','','Others VS 1'),(260,'othersVS2',2,'','','Others VS 2'),(261,'othersVS3',2,'','','Others VS 3'),(262,'othersVSUnknown',2,'','','Others VS Unknown '),(263,'deathsBCG',2,'','','Deaths BCG'),(264,'deathsPolio',2,'','','Deaths Polio'),(265,'deathsPenta',2,'','','Deaths Penta'),(266,'deathsMSL',2,'','','Deaths MSL'),(267,'deathsYF',2,'','','Deaths YF'),(268,'deathsTT',2,'','','Deaths TT'),(269,'VS0AddComments',1,'','','VS 0 Additional COmments'),(270,'work',5,'','','Work'),(271,'gender',6,'','','Gender');
/*!40000 ALTER TABLE `field` ENABLE KEYS */;
UNLOCK TABLES;

--
-- Table structure for table `field_list_options`
--

DROP TABLE IF EXISTS `field_list_options`;
/*!40101 SET @saved_cs_client     = @@character_set_client */;
/*!40101 SET character_set_client = utf8 */;
CREATE TABLE `field_list_options` (
  `id` int(11) NOT NULL AUTO_INCREMENT,
  `field_id` int(11) DEFAULT NULL,
  `field_option` varchar(100) DEFAULT NULL,
  PRIMARY KEY (`id`)
) ENGINE=InnoDB AUTO_INCREMENT=119 DEFAULT CHARSET=latin1;
/*!40101 SET character_set_client = @saved_cs_client */;

--
-- Dumping data for table `field_list_options`
--

LOCK TABLES `field_list_options` WRITE;
/*!40000 ALTER TABLE `field_list_options` DISABLE KEYS */;
INSERT INTO `field_list_options` VALUES (27,9,'a'),(28,9,'b'),(29,9,'c'),(30,17,'a'),(31,17,'b'),(32,17,'c'),(33,17,'d'),(34,17,'e'),(35,17,'f'),(36,25,'a'),(37,25,'b'),(38,25,'c'),(39,28,'sd'),(40,28,'fh'),(41,38,'a'),(42,39,'a'),(43,39,'b'),(44,39,'c'),(45,40,'a'),(58,41,'a'),(59,41,'a'),(60,41,'b'),(61,41,'c'),(62,42,'a'),(63,42,'b'),(64,42,'c'),(65,76,'true'),(66,76,'false'),(82,80,'a'),(83,80,'b'),(84,80,'c'),(85,81,'aaaaaaaaaaaaaaaa'),(86,81,'bbbbbbbbbbbb'),(117,1,'true'),(118,1,'false');
/*!40000 ALTER TABLE `field_list_options` ENABLE KEYS */;
UNLOCK TABLES;

--
-- Table structure for table `field_type`
--

DROP TABLE IF EXISTS `field_type`;
/*!40101 SET @saved_cs_client     = @@character_set_client */;
/*!40101 SET character_set_client = utf8 */;
CREATE TABLE `field_type` (
  `field_type_id` int(11) NOT NULL AUTO_INCREMENT,
  `name` varchar(45) DEFAULT NULL,
  PRIMARY KEY (`field_type_id`)
) ENGINE=InnoDB AUTO_INCREMENT=7 DEFAULT CHARSET=latin1;
/*!40101 SET character_set_client = @saved_cs_client */;

--
-- Dumping data for table `field_type`
--

LOCK TABLES `field_type` WRITE;
/*!40000 ALTER TABLE `field_type` DISABLE KEYS */;
INSERT INTO `field_type` VALUES (1,'textbox'),(2,'number'),(3,'select'),(4,'date'),(5,'checkbox'),(6,'radio');
/*!40000 ALTER TABLE `field_type` ENABLE KEYS */;
UNLOCK TABLES;

--
-- Table structure for table `form`
--

DROP TABLE IF EXISTS `form`;
/*!40101 SET @saved_cs_client     = @@character_set_client */;
/*!40101 SET character_set_client = utf8 */;
CREATE TABLE `form` (
  `form_id` int(11) NOT NULL AUTO_INCREMENT,
  `form_name` varchar(45) DEFAULT NULL,
  `raw_html` text,
  `processed_html` text,
  PRIMARY KEY (`form_id`),
  UNIQUE KEY `form_name_UNIQUE` (`form_name`)
) ENGINE=InnoDB AUTO_INCREMENT=17 DEFAULT CHARSET=latin1;
/*!40101 SET character_set_client = @saved_cs_client */;

--
-- Dumping data for table `form`
--

LOCK TABLES `form` WRITE;
/*!40000 ALTER TABLE `form` DISABLE KEYS */;
INSERT INTO `form` VALUES (1,'BCG Form','<field name=\"bcg\">\r\n<field name=\"bcgcount\">','<select name=\"bcg\"><option value=\"a\">a</option><option value=\"b\">b</option></select>\n<input name=\"bcgcount\" type=\"textbox\">'),(2,'Test','<field name=\"bcgcount\">\r\n<field name=\"bcg\">\r\n<field name=\"check\">','<input name=\"bcgcount\" type=\"textbox\">\n<select name=\"bcg\"><option value=\"a\">a</option><option value=\"b\">b</option></select>\n<input name=\"check\" type=\"textbox\">'),(3,'T','<field name=\"bcgcount\">\r\n<field name=\"editedDate\">','<input name=\"bcgcount\" type=\"textbox\">\n<input name=\"editedDate\" type=\"date\">'),(5,'TestA','<field name=\"bcg\">\r\n<br>\r\n<field name=\"bcgcount\">\r\n<br>\r\n<field name=\"bcgannualcountforkarachi\">','<select name=\"bcg\"><option value=\"a\">a</option><option value=\"b\">b</option><option value=\"a\">a</option><option value=\"b\">b</option></select>\n<br>\n<input name=\"bcgcount\" type=\"textbox\">\n<br>\n<input name=\"bcgannualcountforkarachi\" type=\"number\">'),(6,'Test Form','<field name = \"bcg\">\r\n<field name = \"label\">\r\n<field name = \"a\">','<select name=\"bcg\"><option value=\"a\">a</option><option value=\"b\">b</option><option value=\"a\">a</option><option value=\"b\">b</option></select>\n<select name=\"label\"><option value=\"a\">a</option><option value=\"a\">a</option><option value=\"b\">b</option><option value=\"c\">c</option></select>\n<select name=\"a\"><option value=\"a\">a</option><option value=\"b\">b</option><option value=\"c\">c</option></select>'),(7,'FormB','<style>\r\nalert(\"hello\");\r\n</style>\r\n<field name = \"bcgcount\">','<html>\n <head>\n  <style>\r\nalert(\"hello\");\r\n</style> \n </head>\n <body>\n  <span>BCG Count:</span>\n  <input name=\"bcgcount\" type=\"number\">\n </body>\n</html>'),(11,'FormC','<field name = \"bcgcount\">\r\n<field name = \"fieldA\">','<span>BCG Count:</span>\n<input name=\"bcgcount\" type=\"number\">\n<span>dfggh:</span>\n<input name=\"fieldA\" type=\"textbox\">'),(12,'FormD','&lt;field name = \"work\" nolabel=\"\" value=\"programming\"&gt;Programming<br />&lt;field name = \"work\" nolabel=\"\"value=\"development\"&gt;Development<br /><br />&lt;field name = \"gender\"nolabel=\"\" value=\"male\"&gt;Male<br />&lt;field name = \"gender\" nolabel=\"\" value=\"female\"&gt;Female<br /><br />&lt;field name = \"bcg\"&gt;','<html>\n <head></head>\n <body>\n  <h1 class=\"light\" align=\"center\">FormD</h1>\n  <br>\n  <input name=\"work\" type=\"checkbox\" value=\"programming\">Programming\n  <br>\n  <input name=\"work\" type=\"checkbox\" value=\"development\">Development\n  <br>\n  <br>\n  <input name=\"gender\" type=\"radio\" value=\"male\">Male\n  <br>\n  <input name=\"gender\" type=\"radio\" value=\"female\">Female\n  <br>\n  <br>\n  <span>BCG:</span>\n  <select name=\"bcg\"><option value=\"true\">true</option><option value=\"false\">false</option></select>\n </body>\n</html>'),(13,'Surveillance Form','<style>input[type=number]{\r\n    width: 50px;\r\n}\r\ntable,th,td{\r\npadding:2px;\r\n}</style>\r\n<script>$(document).ready(function(){\r\n	$(\"input[name$=\'cases\']\").change(function(){\r\n		console.log(\"Hello \");\r\n		var totalCases=parseInt($(this).val()); \r\n		console.log(totalCases);\r\n		if(! ($(this).attr(\'name\').includes(\'Total\')) ){\r\n			if($(this).closest(\'td\').prevAll().length){\r\n				$(this).closest(\'td\').prevAll().each(function(index){\r\n					if($(this).find(\'input\').length){\r\n						if($(this).find(\'input\').attr(\'name\').includes(\'cases\')){\r\n							console.log(\"  *******   prevAll  ********\");\r\n							totalCases = totalCases + ($(this).find(\'input\').val() ? parseInt($(this).find(\'input\').val()) : 0) ;\r\n							console.log(totalCases);\r\n						}		\r\n					}\r\n				});\r\n\r\n			}\r\n			if($(this).closest(\'td\').nextAll().length){\r\n				$(this).closest(\'td\').nextAll().each(function(index){\r\n					if($(this).find(\'input\').length){\r\n						if($(this).find(\'input\').attr(\'name\').includes(\'cases\') && !($(this).find(\'input\').attr(\'name\').includes(\'total\')) ){\r\n							console.log(\"+++++++++++++ nextAll +++++++++++\");\r\n							totalCases = totalCases + ($(this).find(\'input\').val() ? parseInt($(this).find(\'input\').val()) : 0) ;\r\n							console.log(totalCases);\r\n						}		\r\n					}\r\n				});\r\n\r\n			}\r\n			console.log(totalCases);\r\n			$(\'input[name=totalcases]\').val(totalCases.toString());\r\n		}\r\n	});\r\n	\r\n	$(\"input[name$=\'deaths\'\").change(function(){\r\n		console.log(\"Hello \");\r\n		var totaldeaths=parseInt($(this).val()); \r\n		console.log(totaldeaths);\r\n		if(! ($(this).attr(\'name\').includes(\'Total\')) ){\r\n			if($(this).closest(\'td\').prevAll().length){\r\n				$(this).closest(\'td\').prevAll().each(function(index){\r\n					if($(this).find(\'input\').length){\r\n						if($(this).find(\'input\').attr(\'name\').includes(\'deaths\')){\r\n							console.log(\"  *******   prevAll  ********\");\r\n							totaldeaths = totaldeaths + ($(this).find(\'input\').val() ? parseInt($(this).find(\'input\').val()) : 0) ;\r\n							console.log(totaldeaths);\r\n						}		\r\n					}\r\n				});\r\n\r\n			}\r\n			if($(this).closest(\'td\').nextAll().length){\r\n				$(this).closest(\'td\').nextAll().each(function(index){\r\n					if($(this).find(\'input\').length){\r\n						if($(this).find(\'input\').attr(\'name\').includes(\'deaths\') && !($(this).find(\'input\').attr(\'name\').includes(\'total\')) ){\r\n							console.log(\"+++++++++++++ nextAll +++++++++++\");\r\n							totaldeaths = totaldeaths + ($(this).find(\'input\').val() ? parseInt($(this).find(\'input\').val()) : 0) ;\r\n							console.log(totaldeaths);\r\n						}		\r\n					}\r\n				});\r\n\r\n			}\r\n			console.log(totaldeaths);\r\n			$(\'input[name=totaldeaths]\').val(totaldeaths.toString());\r\n		}\r\n	});\r\n});</script>\r\n<table style=\"height: 244px;\" border=\"1\" width=\"682\">\r\n<tbody>\r\n<tr style=\"height: 51px;\">\r\n<td style=\"width: 35px; text-align: center; height: 68px;\" rowspan=\"2\">Targeted Diseases</td>\r\n<td style=\"width: 35px; text-align: center; height: 51px;\" colspan=\"2\">0-11 months</td>\r\n<td style=\"width: 36px; text-align: center; height: 51px;\" colspan=\"2\">1-4 years&nbsp;</td>\r\n<td style=\"width: 36px; height: 51px;\" colspan=\"2\">5-14 years</td>\r\n<td style=\"width: 36px; text-align: center; height: 51px;\" colspan=\"2\">15 years &amp; +</td>\r\n<td style=\"width: 37px; text-align: center; height: 51px;\" colspan=\"2\">Total</td>\r\n<td style=\"width: 37px; text-align: center; height: 51px;\" colspan=\"5\">Vaccination status(doses received)</td>\r\n</tr>\r\n<tr style=\"height: 17px;\">\r\n<td style=\"width: 35px; height: 17px;\">cases</td>\r\n<td style=\"width: 36px; height: 17px;\">deaths</td>\r\n<td style=\"width: 36px; height: 17px;\">cases</td>\r\n<td style=\"width: 36px; height: 17px;\">deaths</td>\r\n<td style=\"width: 36px; height: 17px;\">cases</td>\r\n<td style=\"width: 36px; height: 17px;\">deaths</td>\r\n<td style=\"width: 36px; height: 17px;\">cases</td>\r\n<td style=\"width: 37px; height: 17px;\">deaths</td>\r\n<td style=\"width: 37px; height: 17px;\">cases</td>\r\n<td style=\"width: 37px; height: 17px;\">deaths</td>\r\n<td style=\"width: 37px; height: 17px;\">0</td>\r\n<td style=\"width: 37px; height: 17px;\">1</td>\r\n<td style=\"width: 37px; height: 17px;\">2</td>\r\n<td style=\"width: 37px; height: 17px;\">3</td>\r\n<td style=\"width: 37px; height: 17px;\">unknown</td>\r\n</tr>\r\n<tr style=\"height: 51px;\">\r\n<td style=\"background-color: #e1dfdf; height: 51px;\">AFP</td>\r\n<td style=\"width: 35px; height: 51px;\">&nbsp;&lt;field name = \"0-11AFPcases\" nolabel=\"\"&gt;</td>\r\n<td style=\"width: 36px; height: 51px;\">&nbsp;&lt;field name = \"0-11AFPdeaths\" nolabel=\"\"&gt;</td>\r\n<td style=\"width: 36px; height: 51px;\">&nbsp;&lt;field name = \"1-4AFPcases\" nolabel=\"\"&gt;</td>\r\n<td style=\"width: 36px; height: 51px;\">&nbsp;&lt;field name = \"1-4AFPdeaths\" nolabel=\"\"&gt;</td>\r\n<td style=\"width: 36px; height: 51px;\">&nbsp;&lt;field name = \"5-14yearsAFPcases\" nolabel=\"\"&gt;</td>\r\n<td style=\"width: 36px; height: 51px;\">&nbsp;&lt;field name = \"5-14AFPdeaths\" nolabel=\"\"&gt;</td>\r\n<td style=\"width: 36px; height: 51px;\">&nbsp;&lt;field name = \"15yearsplusAFPcases\" nolabel=\"\"&gt;</td>\r\n<td style=\"width: 37px; height: 51px;\">&nbsp;&lt;field name = \"15yearsplusAFPdeaths\" nolabel=\"\"&gt;</td>\r\n<td style=\"width: 37px; height: 51px;\">&lt;field name = \"totalAFPcases\"nolabel=\"\"&gt;</td>\r\n<td style=\"width: 37px; height: 51px;\">&lt;field name = \"totalAFPdeaths\"nolabel=\"\"&gt;</td>\r\n<td style=\"width: 37px; height: 51px;\">&lt;field name = \"afpVS0\"nolabel=\"\"&gt;&nbsp;</td>\r\n<td style=\"width: 37px; height: 51px;\">&lt;field name = \"afpVS1\"nolabel=\"\"&gt;</td>\r\n<td style=\"width: 37px; height: 51px;\">&nbsp;&lt;field name = \"afpVS2\"nolabel=\"\"&gt;</td>\r\n<td style=\"width: 37px; height: 51px;\">&nbsp;&lt;field name = \"afpVS3\"nolabel=\"\"&gt;</td>\r\n<td style=\"width: 37px; height: 51px;\">&nbsp;&lt;field name = \"afpVSUnknown\"nolabel=\"\"&gt;</td>\r\n</tr>\r\n<tr style=\"height: 34px;\">\r\n<td style=\"background-color: #e1dfdf; height: 34px;\">Measles</td>\r\n<td style=\"width: 35px; height: 34px;\">&nbsp;&lt;field name = \"0-11measlescases\"nolabel=\"\"&gt;</td>\r\n<td style=\"width: 36px; height: 34px;\">&nbsp;&lt;field name = \"0-11measlesdeaths\"nolabel=\"\"&gt;</td>\r\n<td style=\"width: 36px; height: 34px;\">&nbsp;&lt;field name = \"1to4measlescases\"nolabel=\"\"&gt;</td>\r\n<td style=\"width: 36px; height: 34px;\">&nbsp;&lt;field name = \"1to4measlesdeaths\"nolabel=\"\"&gt;</td>\r\n<td style=\"width: 36px; height: 34px;\">&nbsp;&lt;field name = \"5to14measlescases\"nolabel=\"\"&gt;</td>\r\n<td style=\"width: 36px; height: 34px;\">&nbsp;&lt;field name = \"5to14measlesdeaths\"nolabel=\"\"&gt;</td>\r\n<td style=\"width: 36px; height: 34px;\">&nbsp;&lt;field name = \"15yearsplusmeaslescases\"nolabel=\"\"&gt;</td>\r\n<td style=\"width: 37px; height: 34px;\">&nbsp;&lt;field name = \"15yearsplusmeaslesdeaths\"nolabel=\"\"&gt;</td>\r\n<td style=\"width: 37px; height: 34px;\">&nbsp;&lt;field name = \"totalmeaslescases\"nolabel=\"\"&gt;</td>\r\n<td style=\"width: 37px; height: 34px;\">&nbsp;&lt;field name = \"totalmeaslesdeaths\"nolabel=\"\"&gt;</td>\r\n<td style=\"width: 37px; height: 34px;\">&nbsp;&lt;field name = \"measlesVS0\"nolabel=\"\"&gt;</td>\r\n<td style=\"width: 37px; height: 34px;\">&lt;field name = \"measlesVS1\"nolabel=\"\"&gt;</td>\r\n<td style=\"width: 37px; height: 34px;\">&lt;field name = \"measlesVS2\"nolabel=\"\"&gt;</td>\r\n<td style=\"width: 37px; height: 34px;\">&lt;field name = \"measlesVS3\"nolabel=\"\"&gt;</td>\r\n<td style=\"width: 37px; height: 34px;\">&lt;field name = \"measlesVSUnknown\"nolabel=\"\"&gt;</td>\r\n</tr>\r\n<tr style=\"height: 34px;\">\r\n<td style=\"background-color: #e1dfdf; height: 34px;\">MNT</td>\r\n<td style=\"width: 35px; height: 34px;\">&nbsp;&lt;field name = \"0to11mntcases\" nolabel=\"\"&gt;</td>\r\n<td style=\"width: 36px; height: 34px;\">&nbsp;&lt;field name = \"0to11mntdeaths\" nolabel=\"\"&gt;</td>\r\n<td style=\"width: 36px; height: 34px;\">&nbsp;&lt;field name = \"1to4mntcases\"nolabel=\"\"&gt;</td>\r\n<td style=\"width: 36px; height: 34px;\">&nbsp;&lt;field name = \"1to4mntdeaths\" nolabel=\"\"&gt;</td>\r\n<td style=\"width: 36px; height: 34px;\">&nbsp;&lt;field name = \"5to14mntcases\" nolabel=\"\"&gt;</td>\r\n<td style=\"width: 36px; height: 34px;\">&nbsp;&lt;field name = \"5to14mntdeaths\"nolabel=\"\"&gt;</td>\r\n<td style=\"width: 36px; height: 34px;\">&nbsp;&lt;field name = \"15yearsplusmntcases\"nolabel=\"\"&gt;</td>\r\n<td style=\"width: 37px; height: 34px;\">&nbsp;&lt;field name = \"15yearsplusmntdeaths\" nolabel=\"\"&gt;</td>\r\n<td style=\"width: 37px; height: 34px;\">&nbsp;&lt;field name = \"totalmntcases\"nolabel=\"\"&gt;</td>\r\n<td style=\"width: 37px; height: 34px;\">&nbsp;&lt;field name = \"totalmntdeaths\"nolabel=\"\"&gt;</td>\r\n<td style=\"width: 37px; height: 34px;\">&nbsp;&lt;field name = \"mntVS0\"nolabel=\"\"&gt;</td>\r\n<td style=\"width: 37px; height: 34px;\">&lt;field name = \"mntVS1\"nolabel=\"\"&gt;</td>\r\n<td style=\"width: 37px; height: 34px;\">&lt;field name = \"mntVS2\"nolabel=\"\"&gt;</td>\r\n<td style=\"width: 37px; height: 34px;\">&lt;field name = \"mntVS3\"nolabel=\"\"&gt;</td>\r\n<td style=\"width: 37px; height: 34px;\">&lt;field name = \"mntVSUnknown\"nolabel=\"\"&gt;</td>\r\n</tr>\r\n<tr style=\"height: 17px;\">\r\n<td style=\"background-color: #e1dfdf; height: 17px;\">Diphtheria</td>\r\n<td style=\"width: 35px; height: 17px;\">&nbsp;&lt;field name = \"0-11Diphtheriacases\"nolabel=\"\"&gt;</td>\r\n<td style=\"width: 36px; height: 17px;\">&nbsp;&lt;field name = \"0-11Diphtheriadeaths\"nolabel=\"\"&gt;</td>\r\n<td style=\"width: 36px; height: 17px;\">&nbsp;&lt;field name = \"1-4yearsDiphtheriacases\"nolabel=\"\"&gt;</td>\r\n<td style=\"width: 36px; height: 17px;\">&nbsp;&lt;field name = \"1-4yearsDiphtheriadeaths\"nolabel=\"\"&gt;</td>\r\n<td style=\"width: 36px; height: 17px;\">&nbsp;&lt;field name = \"5-14Diphtheriacases\"nolabel=\"\"&gt;</td>\r\n<td style=\"width: 36px; height: 17px;\">&nbsp;&lt;field name = \"5-14Diphtheriadeaths\"nolabel=\"\"&gt;</td>\r\n<td style=\"width: 36px; height: 17px;\">&nbsp;&lt;field name = \"15yearsplusDiphtheriacases\"nolabel=\"\"&gt;</td>\r\n<td style=\"width: 37px; height: 17px;\">&nbsp;&lt;field name = \"15yearsplusDiphtheriadeaths\"nolabel=\"\"&gt;</td>\r\n<td style=\"width: 37px; height: 17px;\">&nbsp;&lt;field name = \"totalDiphtheriacases\"nolabel=\"\"&gt;</td>\r\n<td style=\"width: 37px; height: 17px;\">&nbsp;&lt;field name = \"totalDiphtheriadeaths\"nolabel=\"\"&gt;</td>\r\n<td style=\"width: 37px; height: 17px;\">&nbsp;&lt;field name = \"DiphVS0\"nolabel=\"\"&gt;</td>\r\n<td style=\"width: 37px; height: 17px;\">&lt;field name = \"DiphVS1\"nolabel=\"\"&gt;</td>\r\n<td style=\"width: 37px; height: 17px;\">&lt;field name = \"DiphVS2\"nolabel=\"\"&gt;</td>\r\n<td style=\"width: 37px; height: 17px;\">&lt;field name = \"DiphVS3\"nolabel=\"\"&gt;</td>\r\n<td style=\"width: 37px; height: 17px;\">&lt;field name = \"DiphVSUnknown\"nolabel=\"\"&gt;</td>\r\n</tr>\r\n<tr style=\"height: 15px;\">\r\n<td style=\"background-color: #e1dfdf; height: 15px;\">Pertussis</td>\r\n<td style=\"width: 35px; height: 15px;\">&nbsp;&lt;field name = \"0-11pertussiscases\"nolabel=\"\"&gt;</td>\r\n<td style=\"width: 36px; height: 15px;\">&nbsp;&lt;field name = \"0-11pertussisdeaths\"nolabel=\"\"&gt;</td>\r\n<td style=\"width: 36px; height: 15px;\">&nbsp;&lt;field name = \"1-4Pertussiscases\"nolabel=\"\"&gt;</td>\r\n<td style=\"width: 36px; height: 15px;\">&nbsp;&lt;field name = \"1-4Pertussisdeaths\"nolabel=\"\"&gt;</td>\r\n<td style=\"width: 36px; height: 15px;\">&nbsp;&lt;field name = \"5-14pertussiscases\"nolabel=\"\"&gt;</td>\r\n<td style=\"width: 36px; height: 15px;\">&nbsp;&lt;field name = \"5-14pertussisdeaths\"nolabel=\"\"&gt;</td>\r\n<td style=\"width: 36px; height: 15px;\">&nbsp;&lt;field name = \"15yearsplusPertussiscases\"nolabel=\"\"&gt;</td>\r\n<td style=\"width: 37px; height: 15px;\">&nbsp;&lt;field name = \"15yearsplusPertussisdeaths\"nolabel=\"\"&gt;</td>\r\n<td style=\"width: 37px; height: 15px;\">&nbsp;&lt;field name = \"totalPertussiscases\"nolabel=\"\"&gt;</td>\r\n<td style=\"width: 37px; height: 15px;\">&nbsp;&lt;field name = \"totalPertussisdeaths\"nolabel=\"\"&gt;</td>\r\n<td style=\"width: 37px; height: 15px;\">&nbsp;&lt;field name = \"pertussisVS0\"nolabel=\"\"&gt;</td>\r\n<td style=\"width: 37px; height: 15px;\">&lt;field name = \"pertussisVS1\"nolabel=\"\"&gt;</td>\r\n<td style=\"width: 37px; height: 15px;\">&lt;field name = \"pertussisVS2\"nolabel=\"\"&gt;</td>\r\n<td style=\"width: 37px; height: 15px;\">&lt;field name = \"pertussisVS3\"nolabel=\"\"&gt;</td>\r\n<td style=\"width: 37px; height: 15px;\">&lt;field name = \"pertussisVSUnknown\"nolabel=\"\"&gt;</td>\r\n</tr>\r\n<tr style=\"height: 17px;\">\r\n<td style=\"background-color: #e1dfdf; height: 17px;\">Yellow fever</td>\r\n<td style=\"width: 35px; height: 17px;\">&nbsp;&lt;field name = \"0-11yellowfevercases\"nolabel=\"\"&gt;</td>\r\n<td style=\"width: 36px; height: 17px;\">&nbsp;&lt;field name = \"0-11yellowfeverdeaths\"nolabel=\"\"&gt;</td>\r\n<td style=\"width: 36px; height: 17px;\">&nbsp;&lt;field name = \"1-4yellowfevercases\"nolabel=\"\"&gt;</td>\r\n<td style=\"width: 36px; height: 17px;\">&nbsp;&lt;field name = \"1-4yellowfeverdeaths\"nolabel=\"\"&gt;</td>\r\n<td style=\"width: 36px; height: 17px;\">&nbsp;&lt;field name = \"5-14yellowfevercases\"nolabel=\"\"&gt;</td>\r\n<td style=\"width: 36px; height: 17px;\">&nbsp;&lt;field name = \"5-14yellowfeverdeaths\"nolabel=\"\"&gt;</td>\r\n<td style=\"width: 36px; height: 17px;\">&nbsp;&lt;field name = \"15yearsplusyellowfevercases\"nolabel=\"\"&gt;</td>\r\n<td style=\"width: 37px; height: 17px;\">&nbsp;&lt;field name = \"15yearsplusyellowfeverdeaths\"nolabel=\"\"&gt;</td>\r\n<td style=\"width: 37px; height: 17px;\">&nbsp;&lt;field name = \"totalyellowfevercases\"nolabel=\"\"&gt;</td>\r\n<td style=\"width: 37px; height: 17px;\">&nbsp;&lt;field name = \"totalyellowfeverdeaths\"nolabel=\"\"&gt;</td>\r\n<td style=\"width: 37px; height: 17px;\">&nbsp;&lt;field name = \"yfVS0\"nolabel=\"\"&gt;</td>\r\n<td style=\"width: 37px; height: 17px;\">&lt;field name = \"yfVS1\"nolabel=\"\"&gt;</td>\r\n<td style=\"width: 37px; height: 17px;\">&lt;field name = \"yfVS2\"nolabel=\"\"&gt;</td>\r\n<td style=\"width: 37px; height: 17px;\">&lt;field name = \"yfVS3\"nolabel=\"\"&gt;</td>\r\n<td style=\"width: 37px; height: 17px;\">&lt;field name = \"yfVSUnknown\"nolabel=\"\"&gt;</td>\r\n</tr>\r\n<tr style=\"height: 14px;\">\r\n<td style=\"background-color: #e1dfdf; height: 14px;\">Meningtitis</td>\r\n<td style=\"width: 35px; height: 14px;\">&nbsp;&lt;field name = \"0-11meningtitiscases\"nolabel=\"\"&gt;</td>\r\n<td style=\"width: 36px; height: 14px;\">&nbsp;&lt;field name = \"0-11meningtitisdeaths\"nolabel=\"\"&gt;</td>\r\n<td style=\"width: 36px; height: 14px;\">&nbsp;&lt;field name = \"1-4meningtitiscases\"nolabel=\"\"&gt;</td>\r\n<td style=\"width: 36px; height: 14px;\">&nbsp;&lt;field name = \"1-4meningtitisdeaths\"nolabel=\"\"&gt;</td>\r\n<td style=\"width: 36px; height: 14px;\">&nbsp;&lt;field name = \"5-14yearsmeningtitscases\"nolabel=\"\"&gt;</td>\r\n<td style=\"width: 36px; height: 14px;\">&nbsp;&lt;field name = \"5-14meningtitisdeaths\"nolabel=\"\"&gt;</td>\r\n<td style=\"width: 36px; height: 14px;\">&nbsp;&lt;field name = \"15yearsplusmeningtitiscases\"nolabel=\"\"&gt;</td>\r\n<td style=\"width: 37px; height: 14px;\">&nbsp;&lt;field name = \"15yearsmeningtitisdeaths\"nolabel=\"\"&gt;</td>\r\n<td style=\"width: 37px; height: 14px;\">&nbsp;&lt;field name = \"totalmeningtitiscases\"nolabel=\"\"&gt;</td>\r\n<td style=\"width: 37px; height: 14px;\">&nbsp;&lt;field name = \"totalmeningtitisdeaths\"nolabel=\"\"&gt;</td>\r\n<td style=\"width: 37px; height: 14px;\">&nbsp;&lt;field name = \"meningtitisVS0\"nolabel=\"\"&gt;</td>\r\n<td style=\"width: 37px; height: 14px;\">&lt;field name = \"meningtitisVS1\"nolabel=\"\"&gt;</td>\r\n<td style=\"width: 37px; height: 14px;\">&lt;field name = \"meningtitisVS2\"nolabel=\"\"&gt;</td>\r\n<td style=\"width: 37px; height: 14px;\">&lt;field name = \"meningtitisVS3\"nolabel=\"\"&gt;</td>\r\n<td style=\"width: 37px; height: 14px;\">&lt;field name = \"meningtitisVSUnknown\"nolabel=\"\"&gt;</td>\r\n</tr>\r\n<tr style=\"height: 17px;\">\r\n<td style=\"background-color: #e1dfdf; height: 17px;\">Malaria</td>\r\n<td style=\"width: 35px; height: 17px;\">&nbsp;&lt;field name = \"0-11Malariacases\"nolabel=\"\"&gt;</td>\r\n<td style=\"width: 36px; height: 17px;\">&nbsp;&lt;field name = \"0-11Malariadeaths\"nolabel=\"\"&gt;</td>\r\n<td style=\"width: 36px; height: 17px;\">&nbsp;&lt;field name = \"1-4Malariacases\"nolabel=\"\"&gt;</td>\r\n<td style=\"width: 36px; height: 17px;\">&nbsp;&lt;field name = \"1-4Malariadeaths\"nolabel=\"\"&gt;</td>\r\n<td style=\"width: 36px; height: 17px;\">&nbsp;&lt;field name = \"5-14Malariacases\"nolabel=\"\"&gt;</td>\r\n<td style=\"width: 36px; height: 17px;\">&nbsp;&lt;field name = \"5-14Malariadeaths\"nolabel=\"\"&gt;</td>\r\n<td style=\"width: 36px; height: 17px;\">&nbsp;&lt;field name = \"15yearsplusMalariacases\"nolabel=\"\"&gt;</td>\r\n<td style=\"width: 37px; height: 17px;\">&nbsp;&lt;field name = \"15yearsplusMalariadeaths\"nolabel=\"\"&gt;</td>\r\n<td style=\"width: 37px; height: 17px;\">&nbsp;&lt;field name = \"totalMalariacases\"nolabel=\"\"&gt;</td>\r\n<td style=\"width: 37px; height: 17px;\">&nbsp;&lt;field name = \"totalMalariadeaths\"nolabel=\"\"&gt;</td>\r\n<td style=\"width: 37px; height: 17px;\">&nbsp;&lt;field name = \"malariaVS0\"nolabel=\"\"&gt;</td>\r\n<td style=\"width: 37px; height: 17px;\">&lt;field name = \"malariaVS1\"nolabel=\"\"&gt;</td>\r\n<td style=\"width: 37px; height: 17px;\">&lt;field name = \"malariaVS2\"nolabel=\"\"&gt;</td>\r\n<td style=\"width: 37px; height: 17px;\">&lt;field name = \"malariaVS3\"nolabel=\"\"&gt;</td>\r\n<td style=\"width: 37px; height: 17px;\">&lt;field name = \"malariaVSUnknown\"nolabel=\"\"&gt;</td>\r\n</tr>\r\n<tr style=\"height: 17px;\">\r\n<td style=\"background-color: #e1dfdf; height: 17px;\">Others</td>\r\n<td style=\"width: 35px; height: 17px;\">&nbsp;&lt;field name = \"0-11otherscases\"nolabel=\"\"&gt;</td>\r\n<td style=\"width: 36px; height: 17px;\">&nbsp;&lt;field name = \"0-11othersdeaths\"nolabel=\"\"&gt;</td>\r\n<td style=\"width: 36px; height: 17px;\">&nbsp;&lt;field name = \"1-4otherscases\"nolabel=\"\"&gt;</td>\r\n<td style=\"width: 36px; height: 17px;\">&nbsp;&lt;field name = \"1-4othersdeaths\"nolabel=\"\"&gt;</td>\r\n<td style=\"width: 36px; height: 17px;\">&nbsp;&lt;field name = \"5-14otherscases\"nolabel=\"\"&gt;</td>\r\n<td style=\"width: 36px; height: 17px;\">&nbsp;&lt;field name = \"5-14othersdeaths\"nolabel=\"\"&gt;</td>\r\n<td style=\"width: 36px; height: 17px;\">&nbsp;&lt;field name = \"15yearsplusOtherscases\"nolabel=\"\"&gt;</td>\r\n<td style=\"width: 37px; height: 17px;\">&nbsp;&lt;field name = \"15yearsplusothersdeaths\"nolabel=\"\"&gt;</td>\r\n<td style=\"width: 37px; height: 17px;\">&nbsp;&lt;field name = \"totalotherscases\"nolabel=\"\"&gt;</td>\r\n<td style=\"width: 37px; height: 17px;\">&nbsp;&lt;field name = \"totalothersdeaths\"nolabel=\"\"&gt;</td>\r\n<td style=\"width: 37px; height: 17px;\">&nbsp;&lt;field name = \"othersVS0\"nolabel=\"\"&gt;</td>\r\n<td style=\"width: 37px; height: 17px;\">&lt;field name = \"othersVS1\"nolabel=\"\"&gt;</td>\r\n<td style=\"width: 37px; height: 17px;\">&lt;field name = \"othersVS2\"nolabel=\"\"&gt;</td>\r\n<td style=\"width: 37px; height: 17px;\">&lt;field name = \"othersVS3\"nolabel=\"\"&gt;</td>\r\n<td style=\"width: 37px; height: 17px;\">&lt;field name = \"othersVSUnknown\"nolabel=\"\"&gt;</td>\r\n</tr>\r\n<tr style=\"height: 17px;\">\r\n<td style=\"background-color: #e1dfdf; height: 34px; text-align: center;\" rowspan=\"2\">Type of AEFI (Events)</td>\r\n<td style=\"background-color: #e1dfdf; height: 34px;\" rowspan=\"2\">Total No. <br />of cases</td>\r\n<td style=\"background-color: #e1dfdf; text-align: center; height: 17px;\" colspan=\"9\">Vaccines-related events</td>\r\n<td style=\"background-color: #e1dfdf; height: 34px; text-align: center;\" colspan=\"5\" rowspan=\"2\">Additional comments if any</td>\r\n</tr>\r\n<tr style=\"height: 17px;\">\r\n<td style=\"background-color: #e1dfdf; height: 17px;\">BCG</td>\r\n<td style=\"background-color: #e1dfdf; height: 17px;\">Polio</td>\r\n<td style=\"background-color: #e1dfdf; height: 17px;\">Penta</td>\r\n<td style=\"background-color: #e1dfdf; height: 17px;\">MSL</td>\r\n<td style=\"background-color: #e1dfdf; height: 17px;\">TT</td>\r\n<td style=\"background-color: #e1dfdf; height: 17px;\">YF</td>\r\n<td style=\"background-color: #e1dfdf; height: 17px;\" colspan=\"3\">HepB</td>\r\n</tr>\r\n<tr style=\"height: 17px;\">\r\n<td style=\"background-color: #e1dfdf; height: 17px;\">Abscesses</td>\r\n<td style=\"width: 35px; height: 17px;\">&nbsp;&lt;field name = \"totalAbscessescases\"nolabel=\"\"&gt;</td>\r\n<td style=\"width: 36px; height: 17px;\">&nbsp;&lt;field name = \"abscessesBcg\"nolabel=\"\"&gt;</td>\r\n<td style=\"width: 36px; height: 17px;\">&nbsp;&lt;field name = \"abscessesPolio\"nolabel=\"\"&gt;</td>\r\n<td style=\"width: 36px; height: 17px;\">&nbsp;&lt;field name = \"abscessesPenta\"nolabel=\"\"&gt;</td>\r\n<td style=\"width: 36px; height: 17px;\">&lt;field name = \"abscessesMsl\"nolabel=\"\"&gt;</td>\r\n<td style=\"width: 36px; height: 17px;\">&lt;field name = \"abscessestt\"nolabel=\"\"&gt;</td>\r\n<td style=\"width: 36px; height: 17px;\">&lt;field name = \"abscessesYf\"nolabel=\"\"&gt;</td>\r\n<td style=\"width: 37px; height: 17px;\">&nbsp;</td>\r\n<td style=\"width: 37px; height: 17px;\">&nbsp;</td>\r\n<td style=\"width: 37px; height: 17px;\">&nbsp;</td>\r\n<td style=\"width: 37px; height: 17px;\">&nbsp;&lt;field name = \"VS0AddComments\"nolabel=\"\"&gt;</td>\r\n<td style=\"width: 37px; height: 17px;\">&nbsp;</td>\r\n<td style=\"width: 37px; height: 17px;\">&nbsp;</td>\r\n<td style=\"width: 37px; height: 17px;\">&nbsp;</td>\r\n<td style=\"width: 37px; height: 17px;\">&nbsp;</td>\r\n</tr>\r\n<tr style=\"height: 17px;\">\r\n<td style=\"background-color: #e1dfdf; height: 17px;\">Anaphylaxis</td>\r\n<td style=\"width: 35px; height: 17px;\">&nbsp;&lt;field name = \"totalAnaphylaxiscases\"nolabel=\"\"&gt;</td>\r\n<td style=\"width: 36px; height: 17px;\">&nbsp;&lt;field name = \"anaphylaxisBcg\"nolabel=\"\"&gt;</td>\r\n<td style=\"width: 36px; height: 17px;\">&lt;field name = \"anaphylaxisPolio\"nolabel=\"\"&gt;</td>\r\n<td style=\"width: 36px; height: 17px;\">&lt;field name = \"anaphylaxisPenta\" nolabel=\"\"&gt;</td>\r\n<td style=\"width: 36px; height: 17px;\">&lt;field name = \"AnaphylaxisMsl\"nolabel=\"\"&gt;</td>\r\n<td style=\"width: 36px; height: 17px;\">&lt;field name = \"anaphylaxistt\"nolabel=\"\"&gt;</td>\r\n<td style=\"width: 36px; height: 17px;\">&lt;field name = \"anaphylaxisYf\"nolabel=\"\"&gt;</td>\r\n<td style=\"width: 37px; height: 17px;\">&nbsp;</td>\r\n<td style=\"width: 37px; height: 17px;\">&nbsp;</td>\r\n<td style=\"width: 37px; height: 17px;\">&nbsp;</td>\r\n<td style=\"width: 37px; height: 17px;\">&nbsp;</td>\r\n<td style=\"width: 37px; height: 17px;\">&nbsp;</td>\r\n<td style=\"width: 37px; height: 17px;\">&nbsp;</td>\r\n<td style=\"width: 37px; height: 17px;\">&nbsp;</td>\r\n<td style=\"width: 37px; height: 17px;\">&nbsp;</td>\r\n</tr>\r\n<tr style=\"height: 34px;\">\r\n<td style=\"background-color: #e1dfdf; height: 34px;\">Other allergic reactions</td>\r\n<td style=\"width: 35px; height: 34px;\">&nbsp;&lt;field name = \"totalotherAllergicReactionscases\"nolabel=\"\"&gt;</td>\r\n<td style=\"width: 36px; height: 34px;\">&nbsp;&lt;field name = \"oarBcg\"nolabel=\"\"&gt;</td>\r\n<td style=\"width: 36px; height: 34px;\">&lt;field name = \"oarPolio\"nolabel=\"\"&gt;</td>\r\n<td style=\"width: 36px; height: 34px;\">&lt;field name = \"oarPenta\"nolabel=\"\"&gt;</td>\r\n<td style=\"width: 36px; height: 34px;\">&lt;field name = \"oarMsl\"nolabel=\"\"&gt;</td>\r\n<td style=\"width: 36px; height: 34px;\">&lt;field name = \"oarTt\"nolabel=\"\"&gt;</td>\r\n<td style=\"width: 36px; height: 34px;\">&lt;field name = \"oarYf\"nolabel=\"\"&gt;</td>\r\n<td style=\"width: 37px; height: 34px;\">&nbsp;</td>\r\n<td style=\"width: 37px; height: 34px;\">&nbsp;</td>\r\n<td style=\"width: 37px; height: 34px;\">&nbsp;</td>\r\n<td style=\"width: 37px; height: 34px;\">&nbsp;</td>\r\n<td style=\"width: 37px; height: 34px;\">&nbsp;</td>\r\n<td style=\"width: 37px; height: 34px;\">&nbsp;</td>\r\n<td style=\"width: 37px; height: 34px;\">&nbsp;</td>\r\n<td style=\"width: 37px; height: 34px;\">&nbsp;</td>\r\n</tr>\r\n<tr style=\"height: 34px;\">\r\n<td style=\"background-color: #e1dfdf; height: 34px;\">BCG Lymphadenitis</td>\r\n<td style=\"width: 35px; height: 34px;\">&nbsp;&lt;field name = \"totalBcgLymphadenitiscases\"nolabel=\"\"&gt;</td>\r\n<td style=\"width: 36px; height: 34px;\">&nbsp;&lt;field name = \"bcgLymbcg\"nolabel=\"\"&gt;</td>\r\n<td style=\"width: 36px; height: 34px;\">&lt;field name = \"bcgLymPolio\"nolabel=\"\"&gt;</td>\r\n<td style=\"width: 36px; height: 34px;\">&lt;field name = \"bcgLymPenta\"nolabel=\"\"&gt;</td>\r\n<td style=\"width: 36px; height: 34px;\">&lt;field name = \"bcgLymMsl\"nolabel=\"\"&gt;</td>\r\n<td style=\"width: 36px; height: 34px;\">&lt;field name = \"bcgLymTt\"nolabel=\"\"&gt;</td>\r\n<td style=\"width: 36px; height: 34px;\">&lt;field name = \"bcgLymYf\"nolabel=\"\"&gt;</td>\r\n<td style=\"width: 37px; height: 34px;\">&nbsp;</td>\r\n<td style=\"width: 37px; height: 34px;\">&nbsp;</td>\r\n<td style=\"width: 37px; height: 34px;\">&nbsp;</td>\r\n<td style=\"width: 37px; height: 34px;\">&nbsp;</td>\r\n<td style=\"width: 37px; height: 34px;\">&nbsp;</td>\r\n<td style=\"width: 37px; height: 34px;\">&nbsp;</td>\r\n<td style=\"width: 37px; height: 34px;\">&nbsp;</td>\r\n<td style=\"width: 37px; height: 34px;\">&nbsp;</td>\r\n</tr>\r\n<tr style=\"height: 17px;\">\r\n<td style=\"background-color: #e1dfdf; height: 17px;\">Deaths</td>\r\n<td style=\"width: 35px; height: 17px;\">&nbsp;&lt;field name = \"totaldeathscases\"nolabel=\"\"&gt;</td>\r\n<td style=\"width: 36px; height: 17px;\">&nbsp;&lt;field name = \"deathsBCG\"nolabel=\"\"&gt;</td>\r\n<td style=\"width: 36px; height: 17px;\">&lt;field name = \"deathsPolio\"nolabel=\"\"&gt;</td>\r\n<td style=\"width: 36px; height: 17px;\">&lt;field name = \"deathsPenta\"nolabel=\"\"&gt;</td>\r\n<td style=\"width: 36px; height: 17px;\">&lt;field name = \"deathsMSL\"nolabel=\"\"&gt;</td>\r\n<td style=\"width: 36px; height: 17px;\">&lt;field name = \"deathsTT\"nolabel=\"\"&gt;</td>\r\n<td style=\"width: 36px; height: 17px;\">&nbsp;&lt;field name = \"deathsYF\"nolabel=\"\"&gt;</td>\r\n<td style=\"width: 37px; height: 17px;\">&nbsp;</td>\r\n<td style=\"width: 37px; height: 17px;\">&nbsp;</td>\r\n<td style=\"width: 37px; height: 17px;\">&nbsp;</td>\r\n<td style=\"width: 37px; height: 17px;\">&nbsp;</td>\r\n<td style=\"width: 37px; height: 17px;\">&nbsp;</td>\r\n<td style=\"width: 37px; height: 17px;\">&nbsp;</td>\r\n<td style=\"width: 37px; height: 17px;\">&nbsp;</td>\r\n<td style=\"width: 37px; height: 17px;\">&nbsp;</td>\r\n</tr>\r\n</tbody>\r\n</table>','<html>\n <head>\n  <style>input[type=number]{\r\n    width: 50px;\r\n}\r\ntable,th,td{\r\npadding:2px;\r\n}</style> \n  <script>$(document).ready(function(){\r\n	$(\"input[name$=\'cases\']\").change(function(){\r\n		console.log(\"Hello \");\r\n		var totalCases=parseInt($(this).val()); \r\n		console.log(totalCases);\r\n		if(! ($(this).attr(\'name\').includes(\'Total\')) ){\r\n			if($(this).closest(\'td\').prevAll().length){\r\n				$(this).closest(\'td\').prevAll().each(function(index){\r\n					if($(this).find(\'input\').length){\r\n						if($(this).find(\'input\').attr(\'name\').includes(\'cases\')){\r\n							console.log(\"  *******   prevAll  ********\");\r\n							totalCases = totalCases + ($(this).find(\'input\').val() ? parseInt($(this).find(\'input\').val()) : 0) ;\r\n							console.log(totalCases);\r\n						}		\r\n					}\r\n				});\r\n\r\n			}\r\n			if($(this).closest(\'td\').nextAll().length){\r\n				$(this).closest(\'td\').nextAll().each(function(index){\r\n					if($(this).find(\'input\').length){\r\n						if($(this).find(\'input\').attr(\'name\').includes(\'cases\') && !($(this).find(\'input\').attr(\'name\').includes(\'total\')) ){\r\n							console.log(\"+++++++++++++ nextAll +++++++++++\");\r\n							totalCases = totalCases + ($(this).find(\'input\').val() ? parseInt($(this).find(\'input\').val()) : 0) ;\r\n							console.log(totalCases);\r\n						}		\r\n					}\r\n				});\r\n\r\n			}\r\n			console.log(totalCases);\r\n			$(\'input[name=totalcases]\').val(totalCases.toString());\r\n		}\r\n	});\r\n	\r\n	$(\"input[name$=\'deaths\'\").change(function(){\r\n		console.log(\"Hello \");\r\n		var totaldeaths=parseInt($(this).val()); \r\n		console.log(totaldeaths);\r\n		if(! ($(this).attr(\'name\').includes(\'Total\')) ){\r\n			if($(this).closest(\'td\').prevAll().length){\r\n				$(this).closest(\'td\').prevAll().each(function(index){\r\n					if($(this).find(\'input\').length){\r\n						if($(this).find(\'input\').attr(\'name\').includes(\'deaths\')){\r\n							console.log(\"  *******   prevAll  ********\");\r\n							totaldeaths = totaldeaths + ($(this).find(\'input\').val() ? parseInt($(this).find(\'input\').val()) : 0) ;\r\n							console.log(totaldeaths);\r\n						}		\r\n					}\r\n				});\r\n\r\n			}\r\n			if($(this).closest(\'td\').nextAll().length){\r\n				$(this).closest(\'td\').nextAll().each(function(index){\r\n					if($(this).find(\'input\').length){\r\n						if($(this).find(\'input\').attr(\'name\').includes(\'deaths\') && !($(this).find(\'input\').attr(\'name\').includes(\'total\')) ){\r\n							console.log(\"+++++++++++++ nextAll +++++++++++\");\r\n							totaldeaths = totaldeaths + ($(this).find(\'input\').val() ? parseInt($(this).find(\'input\').val()) : 0) ;\r\n							console.log(totaldeaths);\r\n						}		\r\n					}\r\n				});\r\n\r\n			}\r\n			console.log(totaldeaths);\r\n			$(\'input[name=totaldeaths]\').val(totaldeaths.toString());\r\n		}\r\n	});\r\n});</script> \n </head>\n <body>\n  <h1 class=\"light\" align=\"center\">Surveillance Form</h1>\n  <br>\n  <table style=\"height: 244px;\" border=\"1\" width=\"682\"> \n   <tbody> \n    <tr style=\"height: 51px;\"> \n     <td style=\"width: 35px; text-align: center; height: 68px;\" rowspan=\"2\">Targeted Diseases</td> \n     <td style=\"width: 35px; text-align: center; height: 51px;\" colspan=\"2\">0-11 months</td> \n     <td style=\"width: 36px; text-align: center; height: 51px;\" colspan=\"2\">1-4 years </td> \n     <td style=\"width: 36px; height: 51px;\" colspan=\"2\">5-14 years</td> \n     <td style=\"width: 36px; text-align: center; height: 51px;\" colspan=\"2\">15 years &amp; +</td> \n     <td style=\"width: 37px; text-align: center; height: 51px;\" colspan=\"2\">Total</td> \n     <td style=\"width: 37px; text-align: center; height: 51px;\" colspan=\"5\">Vaccination status(doses received)</td> \n    </tr> \n    <tr style=\"height: 17px;\"> \n     <td style=\"width: 35px; height: 17px;\">cases</td> \n     <td style=\"width: 36px; height: 17px;\">deaths</td> \n     <td style=\"width: 36px; height: 17px;\">cases</td> \n     <td style=\"width: 36px; height: 17px;\">deaths</td> \n     <td style=\"width: 36px; height: 17px;\">cases</td> \n     <td style=\"width: 36px; height: 17px;\">deaths</td> \n     <td style=\"width: 36px; height: 17px;\">cases</td> \n     <td style=\"width: 37px; height: 17px;\">deaths</td> \n     <td style=\"width: 37px; height: 17px;\">cases</td> \n     <td style=\"width: 37px; height: 17px;\">deaths</td> \n     <td style=\"width: 37px; height: 17px;\">0</td> \n     <td style=\"width: 37px; height: 17px;\">1</td> \n     <td style=\"width: 37px; height: 17px;\">2</td> \n     <td style=\"width: 37px; height: 17px;\">3</td> \n     <td style=\"width: 37px; height: 17px;\">unknown</td> \n    </tr> \n    <tr style=\"height: 51px;\"> \n     <td style=\"background-color: #e1dfdf; height: 51px;\">AFP</td> \n     <td style=\"width: 35px; height: 51px;\"> <input name=\"0-11AFPcases\" type=\"number\"></td> \n     <td style=\"width: 36px; height: 51px;\"> <input name=\"0-11AFPdeaths\" type=\"number\"></td> \n     <td style=\"width: 36px; height: 51px;\"> <input name=\"1-4AFPcases\" type=\"number\"></td> \n     <td style=\"width: 36px; height: 51px;\"> <input name=\"1-4AFPdeaths\" type=\"number\"></td> \n     <td style=\"width: 36px; height: 51px;\"> <input name=\"5-14yearsAFPcases\" type=\"number\"></td> \n     <td style=\"width: 36px; height: 51px;\"> <input name=\"5-14AFPdeaths\" type=\"number\"></td> \n     <td style=\"width: 36px; height: 51px;\"> <input name=\"15yearsplusAFPcases\" type=\"number\"></td> \n     <td style=\"width: 37px; height: 51px;\"> <input name=\"15yearsplusAFPdeaths\" type=\"number\"></td> \n     <td style=\"width: 37px; height: 51px;\"><input name=\"totalAFPcases\" type=\"number\"></td> \n     <td style=\"width: 37px; height: 51px;\"><input name=\"totalAFPdeaths\" type=\"number\"></td> \n     <td style=\"width: 37px; height: 51px;\"><input name=\"afpVS0\" type=\"number\"> </td> \n     <td style=\"width: 37px; height: 51px;\"><input name=\"afpVS1\" type=\"number\"></td> \n     <td style=\"width: 37px; height: 51px;\"> <input name=\"afpVS2\" type=\"number\"></td> \n     <td style=\"width: 37px; height: 51px;\"> <input name=\"afpVS3\" type=\"number\"></td> \n     <td style=\"width: 37px; height: 51px;\"> <input name=\"afpVSUnknown\" type=\"number\"></td> \n    </tr> \n    <tr style=\"height: 34px;\"> \n     <td style=\"background-color: #e1dfdf; height: 34px;\">Measles</td> \n     <td style=\"width: 35px; height: 34px;\"> <input name=\"0-11measlescases\" type=\"number\"></td> \n     <td style=\"width: 36px; height: 34px;\"> <input name=\"0-11measlesdeaths\" type=\"number\"></td> \n     <td style=\"width: 36px; height: 34px;\"> <input name=\"1to4measlescases\" type=\"number\"></td> \n     <td style=\"width: 36px; height: 34px;\"> <input name=\"1to4measlesdeaths\" type=\"number\"></td> \n     <td style=\"width: 36px; height: 34px;\"> <input name=\"5to14measlescases\" type=\"number\"></td> \n     <td style=\"width: 36px; height: 34px;\"> <input name=\"5to14measlesdeaths\" type=\"number\"></td> \n     <td style=\"width: 36px; height: 34px;\"> <input name=\"15yearsplusmeaslescases\" type=\"number\"></td> \n     <td style=\"width: 37px; height: 34px;\"> <input name=\"15yearsplusmeaslesdeaths\" type=\"number\"></td> \n     <td style=\"width: 37px; height: 34px;\"> <input name=\"totalmeaslescases\" type=\"number\"></td> \n     <td style=\"width: 37px; height: 34px;\"> <input name=\"totalmeaslesdeaths\" type=\"number\"></td> \n     <td style=\"width: 37px; height: 34px;\"> <input name=\"measlesVS0\" type=\"number\"></td> \n     <td style=\"width: 37px; height: 34px;\"><input name=\"measlesVS1\" type=\"number\"></td> \n     <td style=\"width: 37px; height: 34px;\"><input name=\"measlesVS2\" type=\"number\"></td> \n     <td style=\"width: 37px; height: 34px;\"><input name=\"measlesVS3\" type=\"number\"></td> \n     <td style=\"width: 37px; height: 34px;\"><input name=\"measlesVSUnknown\" type=\"number\"></td> \n    </tr> \n    <tr style=\"height: 34px;\"> \n     <td style=\"background-color: #e1dfdf; height: 34px;\">MNT</td> \n     <td style=\"width: 35px; height: 34px;\"> <input name=\"0to11mntcases\" type=\"number\"></td> \n     <td style=\"width: 36px; height: 34px;\"> <input name=\"0to11mntdeaths\" type=\"number\"></td> \n     <td style=\"width: 36px; height: 34px;\"> <input name=\"1to4mntcases\" type=\"number\"></td> \n     <td style=\"width: 36px; height: 34px;\"> <input name=\"1to4mntdeaths\" type=\"number\"></td> \n     <td style=\"width: 36px; height: 34px;\"> <input name=\"5to14mntcases\" type=\"number\"></td> \n     <td style=\"width: 36px; height: 34px;\"> <input name=\"5to14mntdeaths\" type=\"number\"></td> \n     <td style=\"width: 36px; height: 34px;\"> <input name=\"15yearsplusmntcases\" type=\"number\"></td> \n     <td style=\"width: 37px; height: 34px;\"> <input name=\"15yearsplusmntdeaths\" type=\"number\"></td> \n     <td style=\"width: 37px; height: 34px;\"> <input name=\"totalmntcases\" type=\"number\"></td> \n     <td style=\"width: 37px; height: 34px;\"> <input name=\"totalmntdeaths\" type=\"number\"></td> \n     <td style=\"width: 37px; height: 34px;\"> <input name=\"mntVS0\" type=\"number\"></td> \n     <td style=\"width: 37px; height: 34px;\"><input name=\"mntVS1\" type=\"number\"></td> \n     <td style=\"width: 37px; height: 34px;\"><input name=\"mntVS2\" type=\"number\"></td> \n     <td style=\"width: 37px; height: 34px;\"><input name=\"mntVS3\" type=\"number\"></td> \n     <td style=\"width: 37px; height: 34px;\"><input name=\"mntVSUnknown\" type=\"number\"></td> \n    </tr> \n    <tr style=\"height: 17px;\"> \n     <td style=\"background-color: #e1dfdf; height: 17px;\">Diphtheria</td> \n     <td style=\"width: 35px; height: 17px;\"> <input name=\"0-11Diphtheriacases\" type=\"number\"></td> \n     <td style=\"width: 36px; height: 17px;\"> <input name=\"0-11Diphtheriadeaths\" type=\"number\"></td> \n     <td style=\"width: 36px; height: 17px;\"> <input name=\"1-4yearsDiphtheriacases\" type=\"number\"></td> \n     <td style=\"width: 36px; height: 17px;\"> <input name=\"1-4yearsDiphtheriadeaths\" type=\"number\"></td> \n     <td style=\"width: 36px; height: 17px;\"> <input name=\"5-14Diphtheriacases\" type=\"number\"></td> \n     <td style=\"width: 36px; height: 17px;\"> <input name=\"5-14Diphtheriadeaths\" type=\"number\"></td> \n     <td style=\"width: 36px; height: 17px;\"> <input name=\"15yearsplusDiphtheriacases\" type=\"number\"></td> \n     <td style=\"width: 37px; height: 17px;\"> <input name=\"15yearsplusDiphtheriadeaths\" type=\"number\"></td> \n     <td style=\"width: 37px; height: 17px;\"> <input name=\"totalDiphtheriacases\" type=\"number\"></td> \n     <td style=\"width: 37px; height: 17px;\"> <input name=\"totalDiphtheriadeaths\" type=\"number\"></td> \n     <td style=\"width: 37px; height: 17px;\"> <input name=\"DiphVS0\" type=\"number\"></td> \n     <td style=\"width: 37px; height: 17px;\"><input name=\"DiphVS1\" type=\"number\"></td> \n     <td style=\"width: 37px; height: 17px;\"><input name=\"DiphVS2\" type=\"number\"></td> \n     <td style=\"width: 37px; height: 17px;\"><input name=\"DiphVS3\" type=\"number\"></td> \n     <td style=\"width: 37px; height: 17px;\"><input name=\"DiphVSUnknown\" type=\"number\"></td> \n    </tr> \n    <tr style=\"height: 15px;\"> \n     <td style=\"background-color: #e1dfdf; height: 15px;\">Pertussis</td> \n     <td style=\"width: 35px; height: 15px;\"> <input name=\"0-11pertussiscases\" type=\"number\"></td> \n     <td style=\"width: 36px; height: 15px;\"> <input name=\"0-11pertussisdeaths\" type=\"number\"></td> \n     <td style=\"width: 36px; height: 15px;\"> <input name=\"1-4Pertussiscases\" type=\"number\"></td> \n     <td style=\"width: 36px; height: 15px;\"> <input name=\"1-4Pertussisdeaths\" type=\"number\"></td> \n     <td style=\"width: 36px; height: 15px;\"> <input name=\"5-14pertussiscases\" type=\"number\"></td> \n     <td style=\"width: 36px; height: 15px;\"> <input name=\"5-14pertussisdeaths\" type=\"number\"></td> \n     <td style=\"width: 36px; height: 15px;\"> <input name=\"15yearsplusPertussiscases\" type=\"number\"></td> \n     <td style=\"width: 37px; height: 15px;\"> <input name=\"15yearsplusPertussisdeaths\" type=\"number\"></td> \n     <td style=\"width: 37px; height: 15px;\"> <input name=\"totalPertussiscases\" type=\"number\"></td> \n     <td style=\"width: 37px; height: 15px;\"> <input name=\"totalPertussisdeaths\" type=\"number\"></td> \n     <td style=\"width: 37px; height: 15px;\"> <input name=\"pertussisVS0\" type=\"number\"></td> \n     <td style=\"width: 37px; height: 15px;\"><input name=\"pertussisVS1\" type=\"number\"></td> \n     <td style=\"width: 37px; height: 15px;\"><input name=\"pertussisVS2\" type=\"number\"></td> \n     <td style=\"width: 37px; height: 15px;\"><input name=\"pertussisVS3\" type=\"number\"></td> \n     <td style=\"width: 37px; height: 15px;\"><input name=\"pertussisVSUnknown\" type=\"number\"></td> \n    </tr> \n    <tr style=\"height: 17px;\"> \n     <td style=\"background-color: #e1dfdf; height: 17px;\">Yellow fever</td> \n     <td style=\"width: 35px; height: 17px;\"> <input name=\"0-11yellowfevercases\" type=\"number\"></td> \n     <td style=\"width: 36px; height: 17px;\"> <input name=\"0-11yellowfeverdeaths\" type=\"number\"></td> \n     <td style=\"width: 36px; height: 17px;\"> <input name=\"1-4yellowfevercases\" type=\"number\"></td> \n     <td style=\"width: 36px; height: 17px;\"> <input name=\"1-4yellowfeverdeaths\" type=\"number\"></td> \n     <td style=\"width: 36px; height: 17px;\"> <input name=\"5-14yellowfevercases\" type=\"number\"></td> \n     <td style=\"width: 36px; height: 17px;\"> <input name=\"5-14yellowfeverdeaths\" type=\"number\"></td> \n     <td style=\"width: 36px; height: 17px;\"> <input name=\"15yearsplusyellowfevercases\" type=\"number\"></td> \n     <td style=\"width: 37px; height: 17px;\"> <input name=\"15yearsplusyellowfeverdeaths\" type=\"number\"></td> \n     <td style=\"width: 37px; height: 17px;\"> <input name=\"totalyellowfevercases\" type=\"number\"></td> \n     <td style=\"width: 37px; height: 17px;\"> <input name=\"totalyellowfeverdeaths\" type=\"number\"></td> \n     <td style=\"width: 37px; height: 17px;\"> <input name=\"yfVS0\" type=\"number\"></td> \n     <td style=\"width: 37px; height: 17px;\"><input name=\"yfVS1\" type=\"number\"></td> \n     <td style=\"width: 37px; height: 17px;\"><input name=\"yfVS2\" type=\"number\"></td> \n     <td style=\"width: 37px; height: 17px;\"><input name=\"yfVS3\" type=\"number\"></td> \n     <td style=\"width: 37px; height: 17px;\"><input name=\"yfVSUnknown\" type=\"number\"></td> \n    </tr> \n    <tr style=\"height: 14px;\"> \n     <td style=\"background-color: #e1dfdf; height: 14px;\">Meningtitis</td> \n     <td style=\"width: 35px; height: 14px;\"> <input name=\"0-11meningtitiscases\" type=\"number\"></td> \n     <td style=\"width: 36px; height: 14px;\"> <input name=\"0-11meningtitisdeaths\" type=\"number\"></td> \n     <td style=\"width: 36px; height: 14px;\"> <input name=\"1-4meningtitiscases\" type=\"number\"></td> \n     <td style=\"width: 36px; height: 14px;\"> <input name=\"1-4meningtitisdeaths\" type=\"number\"></td> \n     <td style=\"width: 36px; height: 14px;\"> <input name=\"5-14yearsmeningtitscases\" type=\"number\"></td> \n     <td style=\"width: 36px; height: 14px;\"> <input name=\"5-14meningtitisdeaths\" type=\"number\"></td> \n     <td style=\"width: 36px; height: 14px;\"> <input name=\"15yearsplusmeningtitiscases\" type=\"number\"></td> \n     <td style=\"width: 37px; height: 14px;\"> <input name=\"15yearsmeningtitisdeaths\" type=\"number\"></td> \n     <td style=\"width: 37px; height: 14px;\"> <input name=\"totalmeningtitiscases\" type=\"number\"></td> \n     <td style=\"width: 37px; height: 14px;\"> <input name=\"totalmeningtitisdeaths\" type=\"number\"></td> \n     <td style=\"width: 37px; height: 14px;\"> <input name=\"meningtitisVS0\" type=\"number\"></td> \n     <td style=\"width: 37px; height: 14px;\"><input name=\"meningtitisVS1\" type=\"number\"></td> \n     <td style=\"width: 37px; height: 14px;\"><input name=\"meningtitisVS2\" type=\"number\"></td> \n     <td style=\"width: 37px; height: 14px;\"><input name=\"meningtitisVS3\" type=\"number\"></td> \n     <td style=\"width: 37px; height: 14px;\"><input name=\"meningtitisVSUnknown\" type=\"number\"></td> \n    </tr> \n    <tr style=\"height: 17px;\"> \n     <td style=\"background-color: #e1dfdf; height: 17px;\">Malaria</td> \n     <td style=\"width: 35px; height: 17px;\"> <input name=\"0-11Malariacases\" type=\"number\"></td> \n     <td style=\"width: 36px; height: 17px;\"> <input name=\"0-11Malariadeaths\" type=\"number\"></td> \n     <td style=\"width: 36px; height: 17px;\"> <input name=\"1-4Malariacases\" type=\"number\"></td> \n     <td style=\"width: 36px; height: 17px;\"> <input name=\"1-4Malariadeaths\" type=\"number\"></td> \n     <td style=\"width: 36px; height: 17px;\"> <input name=\"5-14Malariacases\" type=\"number\"></td> \n     <td style=\"width: 36px; height: 17px;\"> <input name=\"5-14Malariadeaths\" type=\"number\"></td> \n     <td style=\"width: 36px; height: 17px;\"> <input name=\"15yearsplusMalariacases\" type=\"number\"></td> \n     <td style=\"width: 37px; height: 17px;\"> <input name=\"15yearsplusMalariadeaths\" type=\"number\"></td> \n     <td style=\"width: 37px; height: 17px;\"> <input name=\"totalMalariacases\" type=\"number\"></td> \n     <td style=\"width: 37px; height: 17px;\"> <input name=\"totalMalariadeaths\" type=\"number\"></td> \n     <td style=\"width: 37px; height: 17px;\"> <input name=\"malariaVS0\" type=\"number\"></td> \n     <td style=\"width: 37px; height: 17px;\"><input name=\"malariaVS1\" type=\"number\"></td> \n     <td style=\"width: 37px; height: 17px;\"><input name=\"malariaVS2\" type=\"number\"></td> \n     <td style=\"width: 37px; height: 17px;\"><input name=\"malariaVS3\" type=\"number\"></td> \n     <td style=\"width: 37px; height: 17px;\"><input name=\"malariaVSUnknown\" type=\"number\"></td> \n    </tr> \n    <tr style=\"height: 17px;\"> \n     <td style=\"background-color: #e1dfdf; height: 17px;\">Others</td> \n     <td style=\"width: 35px; height: 17px;\"> <input name=\"0-11otherscases\" type=\"number\"></td> \n     <td style=\"width: 36px; height: 17px;\"> <input name=\"0-11othersdeaths\" type=\"number\"></td> \n     <td style=\"width: 36px; height: 17px;\"> <input name=\"1-4otherscases\" type=\"number\"></td> \n     <td style=\"width: 36px; height: 17px;\"> <input name=\"1-4othersdeaths\" type=\"number\"></td> \n     <td style=\"width: 36px; height: 17px;\"> <input name=\"5-14otherscases\" type=\"number\"></td> \n     <td style=\"width: 36px; height: 17px;\"> <input name=\"5-14othersdeaths\" type=\"number\"></td> \n     <td style=\"width: 36px; height: 17px;\"> <input name=\"15yearsplusOtherscases\" type=\"number\"></td> \n     <td style=\"width: 37px; height: 17px;\"> <input name=\"15yearsplusothersdeaths\" type=\"number\"></td> \n     <td style=\"width: 37px; height: 17px;\"> <input name=\"totalotherscases\" type=\"number\"></td> \n     <td style=\"width: 37px; height: 17px;\"> <input name=\"totalothersdeaths\" type=\"number\"></td> \n     <td style=\"width: 37px; height: 17px;\"> <input name=\"othersVS0\" type=\"number\"></td> \n     <td style=\"width: 37px; height: 17px;\"><input name=\"othersVS1\" type=\"number\"></td> \n     <td style=\"width: 37px; height: 17px;\"><input name=\"othersVS2\" type=\"number\"></td> \n     <td style=\"width: 37px; height: 17px;\"><input name=\"othersVS3\" type=\"number\"></td> \n     <td style=\"width: 37px; height: 17px;\"><input name=\"othersVSUnknown\" type=\"number\"></td> \n    </tr> \n    <tr style=\"height: 17px;\"> \n     <td style=\"background-color: #e1dfdf; height: 34px; text-align: center;\" rowspan=\"2\">Type of AEFI (Events)</td> \n     <td style=\"background-color: #e1dfdf; height: 34px;\" rowspan=\"2\">Total No. <br>of cases</td> \n     <td style=\"background-color: #e1dfdf; text-align: center; height: 17px;\" colspan=\"9\">Vaccines-related events</td> \n     <td style=\"background-color: #e1dfdf; height: 34px; text-align: center;\" colspan=\"5\" rowspan=\"2\">Additional comments if any</td> \n    </tr> \n    <tr style=\"height: 17px;\"> \n     <td style=\"background-color: #e1dfdf; height: 17px;\">BCG</td> \n     <td style=\"background-color: #e1dfdf; height: 17px;\">Polio</td> \n     <td style=\"background-color: #e1dfdf; height: 17px;\">Penta</td> \n     <td style=\"background-color: #e1dfdf; height: 17px;\">MSL</td> \n     <td style=\"background-color: #e1dfdf; height: 17px;\">TT</td> \n     <td style=\"background-color: #e1dfdf; height: 17px;\">YF</td> \n     <td style=\"background-color: #e1dfdf; height: 17px;\" colspan=\"3\">HepB</td> \n    </tr> \n    <tr style=\"height: 17px;\"> \n     <td style=\"background-color: #e1dfdf; height: 17px;\">Abscesses</td> \n     <td style=\"width: 35px; height: 17px;\"> <input name=\"totalAbscessescases\" type=\"number\"></td> \n     <td style=\"width: 36px; height: 17px;\"> <input name=\"abscessesBcg\" type=\"number\"></td> \n     <td style=\"width: 36px; height: 17px;\"> <input name=\"abscessesPolio\" type=\"number\"></td> \n     <td style=\"width: 36px; height: 17px;\"> <input name=\"abscessesPenta\" type=\"number\"></td> \n     <td style=\"width: 36px; height: 17px;\"><input name=\"abscessesMsl\" type=\"number\"></td> \n     <td style=\"width: 36px; height: 17px;\"><input name=\"abscessestt\" type=\"number\"></td> \n     <td style=\"width: 36px; height: 17px;\"><input name=\"abscessesYf\" type=\"number\"></td> \n     <td style=\"width: 37px; height: 17px;\"> </td> \n     <td style=\"width: 37px; height: 17px;\"> </td> \n     <td style=\"width: 37px; height: 17px;\"> </td> \n     <td style=\"width: 37px; height: 17px;\"> <input name=\"VS0AddComments\" type=\"textbox\"></td> \n     <td style=\"width: 37px; height: 17px;\"> </td> \n     <td style=\"width: 37px; height: 17px;\"> </td> \n     <td style=\"width: 37px; height: 17px;\"> </td> \n     <td style=\"width: 37px; height: 17px;\"> </td> \n    </tr> \n    <tr style=\"height: 17px;\"> \n     <td style=\"background-color: #e1dfdf; height: 17px;\">Anaphylaxis</td> \n     <td style=\"width: 35px; height: 17px;\"> <input name=\"totalAnaphylaxiscases\" type=\"number\"></td> \n     <td style=\"width: 36px; height: 17px;\"> <input name=\"anaphylaxisBcg\" type=\"number\"></td> \n     <td style=\"width: 36px; height: 17px;\"><input name=\"anaphylaxisPolio\" type=\"number\"></td> \n     <td style=\"width: 36px; height: 17px;\"><input name=\"anaphylaxisPenta\" type=\"number\"></td> \n     <td style=\"width: 36px; height: 17px;\"><input name=\"AnaphylaxisMsl\" type=\"number\"></td> \n     <td style=\"width: 36px; height: 17px;\"><input name=\"anaphylaxistt\" type=\"number\"></td> \n     <td style=\"width: 36px; height: 17px;\"><input name=\"anaphylaxisYf\" type=\"number\"></td> \n     <td style=\"width: 37px; height: 17px;\"> </td> \n     <td style=\"width: 37px; height: 17px;\"> </td> \n     <td style=\"width: 37px; height: 17px;\"> </td> \n     <td style=\"width: 37px; height: 17px;\"> </td> \n     <td style=\"width: 37px; height: 17px;\"> </td> \n     <td style=\"width: 37px; height: 17px;\"> </td> \n     <td style=\"width: 37px; height: 17px;\"> </td> \n     <td style=\"width: 37px; height: 17px;\"> </td> \n    </tr> \n    <tr style=\"height: 34px;\"> \n     <td style=\"background-color: #e1dfdf; height: 34px;\">Other allergic reactions</td> \n     <td style=\"width: 35px; height: 34px;\"> <input name=\"totalotherAllergicReactionscases\" type=\"number\"></td> \n     <td style=\"width: 36px; height: 34px;\"> <input name=\"oarBcg\" type=\"number\"></td> \n     <td style=\"width: 36px; height: 34px;\"><input name=\"oarPolio\" type=\"number\"></td> \n     <td style=\"width: 36px; height: 34px;\"><input name=\"oarPenta\" type=\"number\"></td> \n     <td style=\"width: 36px; height: 34px;\"><input name=\"oarMsl\" type=\"number\"></td> \n     <td style=\"width: 36px; height: 34px;\"><input name=\"oarTt\" type=\"number\"></td> \n     <td style=\"width: 36px; height: 34px;\"><input name=\"oarYf\" type=\"number\"></td> \n     <td style=\"width: 37px; height: 34px;\"> </td> \n     <td style=\"width: 37px; height: 34px;\"> </td> \n     <td style=\"width: 37px; height: 34px;\"> </td> \n     <td style=\"width: 37px; height: 34px;\"> </td> \n     <td style=\"width: 37px; height: 34px;\"> </td> \n     <td style=\"width: 37px; height: 34px;\"> </td> \n     <td style=\"width: 37px; height: 34px;\"> </td> \n     <td style=\"width: 37px; height: 34px;\"> </td> \n    </tr> \n    <tr style=\"height: 34px;\"> \n     <td style=\"background-color: #e1dfdf; height: 34px;\">BCG Lymphadenitis</td> \n     <td style=\"width: 35px; height: 34px;\"> <input name=\"totalBcgLymphadenitiscases\" type=\"number\"></td> \n     <td style=\"width: 36px; height: 34px;\"> <input name=\"bcgLymbcg\" type=\"number\"></td> \n     <td style=\"width: 36px; height: 34px;\"><input name=\"bcgLymPolio\" type=\"number\"></td> \n     <td style=\"width: 36px; height: 34px;\"><input name=\"bcgLymPenta\" type=\"number\"></td> \n     <td style=\"width: 36px; height: 34px;\"><input name=\"bcgLymMsl\" type=\"number\"></td> \n     <td style=\"width: 36px; height: 34px;\"><input name=\"bcgLymTt\" type=\"number\"></td> \n     <td style=\"width: 36px; height: 34px;\"><input name=\"bcgLymYf\" type=\"number\"></td> \n     <td style=\"width: 37px; height: 34px;\"> </td> \n     <td style=\"width: 37px; height: 34px;\"> </td> \n     <td style=\"width: 37px; height: 34px;\"> </td> \n     <td style=\"width: 37px; height: 34px;\"> </td> \n     <td style=\"width: 37px; height: 34px;\"> </td> \n     <td style=\"width: 37px; height: 34px;\"> </td> \n     <td style=\"width: 37px; height: 34px;\"> </td> \n     <td style=\"width: 37px; height: 34px;\"> </td> \n    </tr> \n    <tr style=\"height: 17px;\"> \n     <td style=\"background-color: #e1dfdf; height: 17px;\">Deaths</td> \n     <td style=\"width: 35px; height: 17px;\"> <input name=\"totaldeathscases\" type=\"number\"></td> \n     <td style=\"width: 36px; height: 17px;\"> <input name=\"deathsBCG\" type=\"number\"></td> \n     <td style=\"width: 36px; height: 17px;\"><input name=\"deathsPolio\" type=\"number\"></td> \n     <td style=\"width: 36px; height: 17px;\"><input name=\"deathsPenta\" type=\"number\"></td> \n     <td style=\"width: 36px; height: 17px;\"><input name=\"deathsMSL\" type=\"number\"></td> \n     <td style=\"width: 36px; height: 17px;\"><input name=\"deathsTT\" type=\"number\"></td> \n     <td style=\"width: 36px; height: 17px;\"> <input name=\"deathsYF\" type=\"number\"></td> \n     <td style=\"width: 37px; height: 17px;\"> </td> \n     <td style=\"width: 37px; height: 17px;\"> </td> \n     <td style=\"width: 37px; height: 17px;\"> </td> \n     <td style=\"width: 37px; height: 17px;\"> </td> \n     <td style=\"width: 37px; height: 17px;\"> </td> \n     <td style=\"width: 37px; height: 17px;\"> </td> \n     <td style=\"width: 37px; height: 17px;\"> </td> \n     <td style=\"width: 37px; height: 17px;\"> </td> \n    </tr> \n   </tbody> \n  </table>\n </body>\n</html>'),(14,'kEdited','&lt;field name = \"bcg\"&gt;','<html>\n <head></head>\n <body>\n  <h1 class=\"light\" align=\"center\">kEdited</h1>\n  <br>\n  <span>BCG:</span>\n  <select name=\"bcg\"><option value=\"true\">true</option><option value=\"false\">false</option></select>\n </body>\n</html>'),(16,'Testb','&lt;field name = \"bcg\"&gt;','<html>\n <head></head>\n <body>\n  <h1 class=\"light\" align=\"center\">Testb</h1>\n  <br>\n  <span>BCG:</span>\n  <select name=\"bcg\"><option value=\"true\">true</option><option value=\"false\">false</option></select>\n </body>\n</html>');
/*!40000 ALTER TABLE `form` ENABLE KEYS */;
UNLOCK TABLES;

--
-- Table structure for table `form_fields`
--

DROP TABLE IF EXISTS `form_fields`;
/*!40101 SET @saved_cs_client     = @@character_set_client */;
/*!40101 SET character_set_client = utf8 */;
CREATE TABLE `form_fields` (
  `id` int(11) NOT NULL AUTO_INCREMENT,
  `form_id` int(11) DEFAULT NULL,
  `field_id` int(11) DEFAULT NULL,
  PRIMARY KEY (`id`)
) ENGINE=InnoDB AUTO_INCREMENT=1768 DEFAULT CHARSET=latin1;
/*!40101 SET character_set_client = @saved_cs_client */;

--
-- Dumping data for table `form_fields`
--

LOCK TABLES `form_fields` WRITE;
/*!40000 ALTER TABLE `form_fields` DISABLE KEYS */;
INSERT INTO `form_fields` VALUES (7,2,2),(8,2,1),(9,2,3),(13,1,2),(14,1,1),(15,3,2),(16,3,4),(17,5,1),(18,5,2),(19,5,5),(20,6,1),(21,6,41),(22,6,42),(23,7,2),(25,11,2),(26,11,78),(1576,13,84),(1577,13,89),(1578,13,90),(1579,13,107),(1580,13,93),(1581,13,92),(1582,13,95),(1583,13,96),(1584,13,108),(1585,13,109),(1586,13,110),(1587,13,111),(1588,13,112),(1589,13,113),(1590,13,114),(1591,13,115),(1592,13,116),(1593,13,117),(1594,13,118),(1595,13,119),(1596,13,120),(1597,13,124),(1598,13,125),(1599,13,121),(1600,13,122),(1601,13,123),(1602,13,126),(1603,13,127),(1604,13,129),(1605,13,130),(1606,13,128),(1607,13,131),(1608,13,132),(1609,13,133),(1610,13,134),(1611,13,135),(1612,13,136),(1613,13,137),(1614,13,138),(1615,13,139),(1616,13,140),(1617,13,141),(1618,13,142),(1619,13,143),(1620,13,144),(1621,13,145),(1622,13,146),(1623,13,147),(1624,13,148),(1625,13,149),(1626,13,150),(1627,13,151),(1628,13,152),(1629,13,153),(1630,13,154),(1631,13,155),(1632,13,156),(1633,13,157),(1634,13,158),(1635,13,159),(1636,13,160),(1637,13,161),(1638,13,162),(1639,13,163),(1640,13,164),(1641,13,165),(1642,13,166),(1643,13,167),(1644,13,168),(1645,13,169),(1646,13,170),(1647,13,171),(1648,13,172),(1649,13,173),(1650,13,174),(1651,13,175),(1652,13,176),(1653,13,177),(1654,13,178),(1655,13,179),(1656,13,180),(1657,13,181),(1658,13,182),(1659,13,183),(1660,13,184),(1661,13,185),(1662,13,186),(1663,13,187),(1664,13,188),(1665,13,189),(1666,13,190),(1667,13,191),(1668,13,192),(1669,13,193),(1670,13,194),(1671,13,195),(1672,13,196),(1673,13,197),(1674,13,198),(1675,13,199),(1676,13,200),(1677,13,201),(1678,13,202),(1679,13,203),(1680,13,204),(1681,13,205),(1682,13,206),(1683,13,207),(1684,13,208),(1685,13,209),(1686,13,210),(1687,13,211),(1688,13,212),(1689,13,213),(1690,13,214),(1691,13,215),(1692,13,216),(1693,13,217),(1694,13,218),(1695,13,219),(1696,13,220),(1697,13,221),(1698,13,222),(1699,13,223),(1700,13,224),(1701,13,225),(1702,13,226),(1703,13,227),(1704,13,228),(1705,13,229),(1706,13,230),(1707,13,231),(1708,13,232),(1709,13,233),(1710,13,234),(1711,13,235),(1712,13,236),(1713,13,237),(1714,13,238),(1715,13,239),(1716,13,240),(1717,13,241),(1718,13,242),(1719,13,243),(1720,13,244),(1721,13,245),(1722,13,246),(1723,13,247),(1724,13,248),(1725,13,249),(1726,13,250),(1727,13,251),(1728,13,252),(1729,13,253),(1730,13,254),(1731,13,255),(1732,13,256),(1733,13,257),(1734,13,258),(1735,13,259),(1736,13,260),(1737,13,261),(1738,13,262),(1739,13,263),(1740,13,264),(1741,13,265),(1742,13,266),(1743,13,267),(1744,13,268),(1745,13,269),(1746,13,83),(1752,16,1),(1762,14,1),(1765,12,270),(1766,12,271),(1767,12,1);
/*!40000 ALTER TABLE `form_fields` ENABLE KEYS */;
UNLOCK TABLES;

--
-- Table structure for table `form_submission`
--

DROP TABLE IF EXISTS `form_submission`;
/*!40101 SET @saved_cs_client     = @@character_set_client */;
/*!40101 SET character_set_client = utf8 */;
CREATE TABLE `form_submission` (
  `id` int(11) NOT NULL AUTO_INCREMENT,
  `form_id` int(11) DEFAULT NULL,
  `user_id` int(11) DEFAULT NULL,
  `created_date` datetime DEFAULT NULL,
  PRIMARY KEY (`id`)
) ENGINE=InnoDB AUTO_INCREMENT=123 DEFAULT CHARSET=latin1;
/*!40101 SET character_set_client = @saved_cs_client */;

--
-- Dumping data for table `form_submission`
--

LOCK TABLES `form_submission` WRITE;
/*!40000 ALTER TABLE `form_submission` DISABLE KEYS */;
INSERT INTO `form_submission` VALUES (1,1,NULL,NULL),(2,2,NULL,NULL),(3,2,NULL,NULL),(4,2,NULL,NULL),(5,2,NULL,NULL),(6,2,NULL,NULL),(7,3,NULL,NULL),(8,3,NULL,NULL),(9,3,NULL,NULL),(10,3,NULL,NULL),(11,2,NULL,NULL),(12,2,NULL,NULL),(13,2,NULL,NULL),(14,3,NULL,NULL),(15,1,NULL,NULL),(16,1,NULL,NULL),(17,1,NULL,NULL),(18,1,NULL,NULL),(19,1,NULL,NULL),(20,3,NULL,NULL),(21,3,NULL,'2017-04-20 10:43:55'),(22,3,NULL,'2017-04-20 10:47:46'),(23,3,NULL,NULL),(24,5,NULL,'2017-04-20 16:01:44'),(25,5,NULL,NULL),(26,6,NULL,'2017-04-24 12:58:09'),(27,7,NULL,'2017-04-26 14:04:41'),(31,11,NULL,'2017-04-26 15:02:44'),(34,11,NULL,NULL),(35,12,NULL,'2017-04-28 09:23:02'),(36,12,NULL,NULL),(37,12,NULL,'2017-04-28 09:56:28'),(38,12,NULL,'2017-04-28 15:03:39'),(39,12,NULL,'2017-05-02 09:25:37'),(40,12,NULL,'2017-05-02 09:31:05'),(41,12,NULL,'2017-05-02 09:35:33'),(42,12,NULL,'2017-05-02 09:35:47'),(43,12,NULL,'2017-05-02 09:36:00'),(44,12,NULL,'2017-05-02 09:36:26'),(45,13,NULL,'2017-05-02 11:30:04'),(46,13,NULL,'2017-05-02 14:10:58'),(47,13,NULL,'2017-05-02 14:11:32'),(48,13,NULL,'2017-05-02 14:53:17'),(49,13,NULL,'2017-05-03 10:57:10'),(50,13,NULL,'2017-05-03 10:58:08'),(51,13,NULL,'2017-05-03 11:52:55'),(52,13,NULL,'2017-05-03 11:53:25'),(53,13,NULL,'2017-05-03 11:54:55'),(54,13,NULL,'2017-05-03 13:13:33'),(55,13,NULL,'2017-05-04 09:26:53'),(56,13,NULL,'2017-05-04 09:27:03'),(57,13,NULL,'2017-05-04 11:50:16'),(58,13,NULL,'2017-05-04 13:06:11'),(59,13,NULL,'2017-05-04 13:16:58'),(60,13,NULL,'2017-05-04 13:23:19'),(61,13,NULL,'2017-05-04 13:24:02'),(62,13,NULL,'2017-05-04 13:24:34'),(63,13,NULL,'2017-05-04 13:29:55'),(64,13,NULL,'2017-05-04 13:31:59'),(65,13,NULL,'2017-05-04 13:37:54'),(66,13,NULL,'2017-05-04 13:41:48'),(67,13,NULL,'2017-05-04 13:43:02'),(68,13,NULL,'2017-05-04 13:49:57'),(69,13,NULL,'2017-05-04 13:50:51'),(70,13,NULL,'2017-05-05 16:43:11'),(71,13,NULL,'2017-05-05 16:51:25'),(72,13,NULL,'2017-05-05 16:55:51'),(73,13,NULL,'2017-05-05 16:56:48'),(74,13,NULL,'2017-05-05 17:00:49'),(75,13,NULL,'2017-05-05 17:01:20'),(76,13,NULL,'2017-05-08 08:56:03'),(77,14,NULL,'2017-05-08 09:17:52'),(78,13,NULL,'2017-05-08 14:30:24'),(79,13,NULL,'2017-05-08 15:22:45'),(80,13,NULL,'2017-05-08 15:47:29'),(81,13,NULL,'2017-05-08 15:54:18'),(82,13,NULL,'2017-05-08 15:54:54'),(83,13,NULL,'2017-05-09 10:22:29'),(84,13,NULL,'2017-05-09 10:42:09'),(85,13,NULL,'2017-05-09 10:51:19'),(86,13,NULL,'2017-05-09 10:57:56'),(87,13,NULL,'2017-05-09 11:02:19'),(88,13,NULL,'2017-05-09 11:03:31'),(89,13,NULL,'2017-05-09 11:11:04'),(90,13,NULL,'2017-05-09 11:17:09'),(91,13,NULL,'2017-05-09 11:26:05'),(92,13,NULL,'2017-05-09 11:26:44'),(93,13,NULL,'2017-05-09 11:52:08'),(94,13,NULL,'2017-05-09 12:06:01'),(95,13,NULL,'2017-05-09 12:17:17'),(96,13,NULL,'2017-05-09 13:07:51'),(97,13,NULL,'2017-05-09 13:45:16'),(98,13,NULL,'2017-05-09 14:04:19'),(99,13,NULL,'2017-05-09 14:22:38'),(100,13,NULL,'2017-05-09 14:48:43'),(101,13,NULL,'2017-05-09 15:31:48'),(102,13,NULL,'2017-05-09 15:51:48'),(103,13,NULL,'2017-05-09 16:14:34'),(104,13,NULL,'2017-05-09 16:51:10'),(105,13,NULL,'2017-05-09 16:58:06'),(106,13,NULL,'2017-05-10 08:53:41'),(107,13,NULL,'2017-05-10 11:11:34'),(108,13,NULL,'2017-05-10 11:32:39'),(109,13,NULL,'2017-05-10 11:35:03'),(110,13,NULL,'2017-05-10 15:17:42'),(111,12,NULL,'2017-05-11 12:45:20'),(112,7,NULL,'2017-05-11 12:45:36'),(113,13,NULL,'2017-05-12 09:26:38'),(114,12,NULL,'2017-05-17 14:54:06'),(115,12,NULL,'2017-05-17 16:01:35'),(116,12,NULL,'2017-05-17 16:06:57'),(118,12,NULL,'2017-05-17 16:09:40'),(119,12,NULL,'2017-05-17 16:26:49'),(120,14,NULL,'2017-05-19 11:51:28'),(121,12,NULL,'2017-05-19 12:35:24'),(122,12,NULL,'2017-05-19 12:41:50');
/*!40000 ALTER TABLE `form_submission` ENABLE KEYS */;
UNLOCK TABLES;

--
-- Table structure for table `form_submission_field`
--

DROP TABLE IF EXISTS `form_submission_field`;
/*!40101 SET @saved_cs_client     = @@character_set_client */;
/*!40101 SET character_set_client = utf8 */;
CREATE TABLE `form_submission_field` (
  `id` int(11) NOT NULL AUTO_INCREMENT,
  `form_submission_id` int(11) DEFAULT NULL,
  `field_id` int(11) DEFAULT NULL,
  `value` varchar(100) DEFAULT NULL,
  PRIMARY KEY (`id`)
) ENGINE=InnoDB AUTO_INCREMENT=2105 DEFAULT CHARSET=latin1;
/*!40101 SET character_set_client = @saved_cs_client */;

--
-- Dumping data for table `form_submission_field`
--

LOCK TABLES `form_submission_field` WRITE;
/*!40000 ALTER TABLE `form_submission_field` DISABLE KEYS */;
INSERT INTO `form_submission_field` VALUES (1,1,1,'a'),(2,2,1,'b'),(3,3,1,'b'),(4,4,2,'100'),(5,5,2,''),(6,5,1,NULL),(7,6,2,''),(8,6,1,'a'),(9,7,2,'1'),(10,8,2,'100'),(11,9,2,''),(12,10,2,''),(13,11,2,''),(14,11,1,'a'),(15,11,3,NULL),(16,12,2,''),(17,12,1,'a'),(18,12,3,'abc'),(19,13,2,'a'),(20,13,1,'b'),(21,13,3,'testing'),(22,14,2,''),(23,15,1,'b'),(24,16,1,'a'),(25,16,2,NULL),(26,17,1,'a'),(27,17,2,'abc'),(28,18,2,''),(29,19,2,''),(30,19,1,NULL),(31,20,2,'abc'),(32,21,2,'abcd'),(33,22,2,'new form entry'),(34,23,2,'abc'),(35,23,4,'2017-04-16'),(36,24,1,NULL),(37,24,2,NULL),(38,24,5,NULL),(39,25,1,'a'),(40,25,2,''),(41,25,5,''),(42,26,1,'a'),(43,26,41,'a'),(44,26,42,'a'),(45,27,2,''),(51,31,2,''),(56,34,2,''),(57,34,78,''),(58,35,2,'1'),(59,35,1,'true'),(60,36,2,'100'),(61,36,1,'false'),(62,37,2,'100'),(63,37,1,'false'),(64,38,2,''),(65,38,1,'true'),(66,39,1,'true'),(67,40,2,''),(68,41,1,NULL),(69,42,1,'true'),(70,42,2,NULL),(71,43,1,'true'),(72,44,1,NULL),(73,45,2,''),(74,46,2,''),(75,47,2,''),(76,48,2,''),(77,49,2,''),(78,50,2,NULL),(79,51,2,''),(80,52,2,NULL),(81,53,2,'1'),(82,54,2,''),(83,55,2,''),(84,55,83,''),(85,55,84,''),(86,55,89,''),(87,55,90,''),(88,56,2,'1'),(89,56,83,'1'),(90,56,84,'1'),(91,56,89,'1'),(92,56,90,'1'),(93,57,2,''),(94,57,83,''),(95,57,84,''),(96,57,89,''),(97,57,90,''),(98,58,2,''),(99,58,83,''),(100,58,84,''),(101,58,89,''),(102,58,90,''),(103,59,2,''),(104,59,83,''),(105,59,84,''),(106,59,89,''),(107,59,90,''),(108,60,2,''),(109,60,83,''),(110,60,84,''),(111,60,89,''),(112,60,90,''),(113,61,2,''),(114,61,83,''),(115,61,84,''),(116,61,89,''),(117,61,90,''),(118,62,2,''),(119,62,83,''),(120,62,84,''),(121,62,89,''),(122,62,90,''),(123,63,2,''),(124,63,83,''),(125,63,84,''),(126,63,89,''),(127,63,90,''),(128,64,2,''),(129,64,83,''),(130,64,84,''),(131,64,89,''),(132,64,90,''),(133,65,2,''),(134,65,83,''),(135,65,84,''),(136,65,89,''),(137,65,90,''),(138,66,2,''),(139,66,83,''),(140,66,84,''),(141,66,89,''),(142,66,90,''),(143,67,2,''),(144,67,83,''),(145,67,84,''),(146,67,89,''),(147,67,90,''),(148,68,2,''),(149,68,83,''),(150,68,84,''),(151,68,89,''),(152,68,90,''),(153,69,2,''),(154,69,83,''),(155,69,84,''),(156,69,89,''),(157,69,90,''),(158,70,2,NULL),(159,70,83,''),(160,70,84,''),(161,70,89,''),(162,70,90,''),(163,71,2,NULL),(164,71,83,''),(165,71,84,''),(166,71,89,''),(167,71,90,''),(168,72,2,NULL),(169,72,83,''),(170,72,84,''),(171,72,89,''),(172,72,90,''),(173,73,2,NULL),(174,73,83,''),(175,73,84,''),(176,73,89,''),(177,73,90,''),(178,74,2,NULL),(179,74,83,''),(180,74,84,''),(181,74,89,''),(182,74,90,''),(183,75,2,NULL),(184,75,83,''),(185,75,84,''),(186,75,89,''),(187,75,90,''),(188,76,84,''),(189,76,89,''),(190,76,90,''),(191,76,83,''),(192,77,5,''),(193,77,2,NULL),(194,77,79,NULL),(195,77,82,NULL),(196,78,84,''),(197,78,89,''),(198,78,90,''),(199,78,83,''),(200,78,107,''),(201,78,93,''),(202,79,84,''),(203,79,89,''),(204,79,90,''),(205,79,83,''),(206,79,107,''),(207,79,93,''),(208,80,84,''),(209,80,89,''),(210,80,90,''),(211,80,83,''),(212,80,107,''),(213,80,93,''),(214,81,84,''),(215,81,89,''),(216,81,90,''),(217,81,83,''),(218,81,107,''),(219,81,93,''),(220,81,92,''),(221,82,84,''),(222,82,89,''),(223,82,90,''),(224,82,83,''),(225,82,107,''),(226,82,93,''),(227,82,92,''),(228,83,84,''),(229,83,89,''),(230,83,90,''),(231,83,83,''),(232,83,107,''),(233,83,93,''),(234,83,92,''),(235,83,95,''),(236,83,96,''),(237,84,84,''),(238,84,89,''),(239,84,90,''),(240,84,83,''),(241,84,107,''),(242,84,93,''),(243,84,92,''),(244,84,95,''),(245,84,96,''),(246,84,108,''),(247,84,109,''),(248,84,110,''),(249,84,111,''),(250,84,112,''),(251,84,113,''),(252,84,114,''),(253,84,115,''),(254,85,84,''),(255,85,89,''),(256,85,90,''),(257,85,83,''),(258,85,107,''),(259,85,93,''),(260,85,92,''),(261,85,95,''),(262,85,96,''),(263,85,108,''),(264,85,109,''),(265,85,110,''),(266,85,111,''),(267,85,112,''),(268,85,113,''),(269,85,114,''),(270,85,115,''),(271,85,116,NULL),(272,85,117,NULL),(273,85,118,NULL),(274,86,84,''),(275,86,89,''),(276,86,90,''),(277,86,83,''),(278,86,107,''),(279,86,93,''),(280,86,92,''),(281,86,95,''),(282,86,96,''),(283,86,108,''),(284,86,109,''),(285,86,110,''),(286,86,111,''),(287,86,112,''),(288,86,113,''),(289,86,114,''),(290,86,115,''),(291,86,116,''),(292,86,117,''),(293,86,118,''),(294,87,84,''),(295,87,89,''),(296,87,90,''),(297,87,83,''),(298,87,107,''),(299,87,93,''),(300,87,92,''),(301,87,95,''),(302,87,96,''),(303,87,108,''),(304,87,109,''),(305,87,110,''),(306,87,111,''),(307,87,112,''),(308,87,113,''),(309,87,114,''),(310,87,115,''),(311,87,116,''),(312,87,117,''),(313,87,118,''),(314,88,84,''),(315,88,89,''),(316,88,90,''),(317,88,83,''),(318,88,107,''),(319,88,93,''),(320,88,92,''),(321,88,95,''),(322,88,96,''),(323,88,108,''),(324,88,109,''),(325,88,110,''),(326,88,111,''),(327,88,112,''),(328,88,113,''),(329,88,114,''),(330,88,115,''),(331,88,116,''),(332,88,117,''),(333,88,118,''),(334,89,84,''),(335,89,89,''),(336,89,90,''),(337,89,83,''),(338,89,107,''),(339,89,93,''),(340,89,92,''),(341,89,95,''),(342,89,96,''),(343,89,108,''),(344,89,109,''),(345,89,110,''),(346,89,111,''),(347,89,112,''),(348,89,113,''),(349,89,114,''),(350,89,115,''),(351,89,116,''),(352,89,117,''),(353,89,118,''),(354,89,119,NULL),(355,89,120,NULL),(356,90,84,''),(357,90,89,''),(358,90,90,''),(359,90,83,''),(360,90,107,''),(361,90,93,''),(362,90,92,''),(363,90,95,''),(364,90,96,''),(365,90,108,''),(366,90,109,''),(367,90,110,''),(368,90,111,''),(369,90,112,''),(370,90,113,''),(371,90,114,''),(372,90,115,''),(373,90,116,''),(374,90,117,''),(375,90,118,''),(376,90,119,''),(377,90,120,''),(378,90,121,NULL),(379,91,84,''),(380,91,89,''),(381,91,90,''),(382,91,83,''),(383,91,107,''),(384,91,93,''),(385,91,92,''),(386,91,95,''),(387,91,96,''),(388,91,108,''),(389,91,109,''),(390,91,110,''),(391,91,111,''),(392,91,112,''),(393,91,113,''),(394,91,114,''),(395,91,115,''),(396,91,116,''),(397,91,117,''),(398,91,118,''),(399,91,119,''),(400,91,120,''),(401,91,124,''),(402,91,125,''),(403,91,121,''),(404,91,122,''),(405,91,123,''),(406,91,126,''),(407,91,127,''),(408,92,84,''),(409,92,89,''),(410,92,90,''),(411,92,83,''),(412,92,107,''),(413,92,93,''),(414,92,92,''),(415,92,95,''),(416,92,96,''),(417,92,108,''),(418,92,109,''),(419,92,110,''),(420,92,111,''),(421,92,112,''),(422,92,113,''),(423,92,114,''),(424,92,115,''),(425,92,116,''),(426,92,117,''),(427,92,118,''),(428,92,119,''),(429,92,120,''),(430,92,124,''),(431,92,125,''),(432,92,121,''),(433,92,122,''),(434,92,123,''),(435,92,126,''),(436,92,127,''),(437,93,84,''),(438,93,89,''),(439,93,90,''),(440,93,83,''),(441,93,107,''),(442,93,93,''),(443,93,92,''),(444,93,95,''),(445,93,96,''),(446,93,108,''),(447,93,109,''),(448,93,110,''),(449,93,111,''),(450,93,112,''),(451,93,113,''),(452,93,114,''),(453,93,115,''),(454,93,116,''),(455,93,117,''),(456,93,118,''),(457,93,119,''),(458,93,120,''),(459,93,124,''),(460,93,125,''),(461,93,121,''),(462,93,122,''),(463,93,123,''),(464,93,126,''),(465,93,127,''),(466,94,84,''),(467,94,89,''),(468,94,90,''),(469,94,83,''),(470,94,107,''),(471,94,93,''),(472,94,92,''),(473,94,95,''),(474,94,96,''),(475,94,108,''),(476,94,109,''),(477,94,110,''),(478,94,111,''),(479,94,112,''),(480,94,113,''),(481,94,114,''),(482,94,115,''),(483,94,116,''),(484,94,117,''),(485,94,118,''),(486,94,119,''),(487,94,120,''),(488,94,124,''),(489,94,125,''),(490,94,121,''),(491,94,122,''),(492,94,123,''),(493,94,126,''),(494,94,127,''),(495,95,84,''),(496,95,89,''),(497,95,90,''),(498,95,83,''),(499,95,107,''),(500,95,93,''),(501,95,92,''),(502,95,95,''),(503,95,96,''),(504,95,108,''),(505,95,109,''),(506,95,110,''),(507,95,111,''),(508,95,112,''),(509,95,113,''),(510,95,114,''),(511,95,115,''),(512,95,116,''),(513,95,117,''),(514,95,118,''),(515,95,119,''),(516,95,120,''),(517,95,124,''),(518,95,125,''),(519,95,121,''),(520,95,122,''),(521,95,123,''),(522,95,126,''),(523,95,127,''),(524,96,84,''),(525,96,89,''),(526,96,90,''),(527,96,83,''),(528,96,107,''),(529,96,93,''),(530,96,92,''),(531,96,95,''),(532,96,96,''),(533,96,108,''),(534,96,109,''),(535,96,110,''),(536,96,111,''),(537,96,112,''),(538,96,113,''),(539,96,114,''),(540,96,115,''),(541,96,116,''),(542,96,117,''),(543,96,118,''),(544,96,119,''),(545,96,120,''),(546,96,124,''),(547,96,125,''),(548,96,121,''),(549,96,122,''),(550,96,123,''),(551,96,126,''),(552,96,127,''),(553,96,129,''),(554,96,130,''),(555,96,128,''),(556,97,84,''),(557,97,89,''),(558,97,90,''),(559,97,83,''),(560,97,107,''),(561,97,93,''),(562,97,92,''),(563,97,95,''),(564,97,96,''),(565,97,108,''),(566,97,109,''),(567,97,110,''),(568,97,111,''),(569,97,112,''),(570,97,113,''),(571,97,114,''),(572,97,115,''),(573,97,116,''),(574,97,117,''),(575,97,118,''),(576,97,119,''),(577,97,120,''),(578,97,124,''),(579,97,125,''),(580,97,121,''),(581,97,122,''),(582,97,123,''),(583,97,126,''),(584,97,127,''),(585,97,129,''),(586,97,130,''),(587,97,128,''),(588,97,131,''),(589,97,132,''),(590,97,133,''),(591,97,134,''),(592,97,135,''),(593,97,136,''),(594,97,137,''),(595,97,138,''),(596,98,84,''),(597,98,89,''),(598,98,90,''),(599,98,83,''),(600,98,107,''),(601,98,93,''),(602,98,92,''),(603,98,95,''),(604,98,96,''),(605,98,108,''),(606,98,109,''),(607,98,110,''),(608,98,111,''),(609,98,112,''),(610,98,113,''),(611,98,114,''),(612,98,115,''),(613,98,116,''),(614,98,117,''),(615,98,118,''),(616,98,119,''),(617,98,120,''),(618,98,124,''),(619,98,125,''),(620,98,121,''),(621,98,122,''),(622,98,123,''),(623,98,126,''),(624,98,127,''),(625,98,129,''),(626,98,130,''),(627,98,128,''),(628,98,131,''),(629,98,132,''),(630,98,133,''),(631,98,134,''),(632,98,135,''),(633,98,136,''),(634,98,137,''),(635,98,138,''),(636,98,139,''),(637,98,140,''),(638,98,141,''),(639,98,142,''),(640,98,143,''),(641,98,144,''),(642,98,145,''),(643,98,146,''),(644,98,147,''),(645,98,148,''),(646,99,84,''),(647,99,89,''),(648,99,90,''),(649,99,83,''),(650,99,107,''),(651,99,93,''),(652,99,92,''),(653,99,95,''),(654,99,96,''),(655,99,108,''),(656,99,109,''),(657,99,110,''),(658,99,111,''),(659,99,112,''),(660,99,113,''),(661,99,114,''),(662,99,115,''),(663,99,116,''),(664,99,117,''),(665,99,118,''),(666,99,119,''),(667,99,120,''),(668,99,124,''),(669,99,125,''),(670,99,121,''),(671,99,122,''),(672,99,123,''),(673,99,126,''),(674,99,127,''),(675,99,129,''),(676,99,130,''),(677,99,128,''),(678,99,131,''),(679,99,132,''),(680,99,133,''),(681,99,134,''),(682,99,135,''),(683,99,136,''),(684,99,137,''),(685,99,138,''),(686,99,139,''),(687,99,140,''),(688,99,141,''),(689,99,142,''),(690,99,143,''),(691,99,144,''),(692,99,145,''),(693,99,146,''),(694,99,147,''),(695,99,148,''),(696,99,149,''),(697,99,150,''),(698,99,151,''),(699,99,152,''),(700,99,153,''),(701,99,154,''),(702,99,155,''),(703,99,156,''),(704,99,157,''),(705,99,158,''),(706,100,84,''),(707,100,89,''),(708,100,90,''),(709,100,83,''),(710,100,107,''),(711,100,93,''),(712,100,92,''),(713,100,95,''),(714,100,96,''),(715,100,108,''),(716,100,109,''),(717,100,110,''),(718,100,111,''),(719,100,112,''),(720,100,113,''),(721,100,114,''),(722,100,115,''),(723,100,116,''),(724,100,117,''),(725,100,118,''),(726,100,119,''),(727,100,120,''),(728,100,124,''),(729,100,125,''),(730,100,121,''),(731,100,122,''),(732,100,123,''),(733,100,126,''),(734,100,127,''),(735,100,129,''),(736,100,130,''),(737,100,128,''),(738,100,131,''),(739,100,132,''),(740,100,133,''),(741,100,134,''),(742,100,135,''),(743,100,136,''),(744,100,137,''),(745,100,138,''),(746,100,139,''),(747,100,140,''),(748,100,141,''),(749,100,142,''),(750,100,143,''),(751,100,144,''),(752,100,145,''),(753,100,146,''),(754,100,147,''),(755,100,148,''),(756,100,149,''),(757,100,150,''),(758,100,151,''),(759,100,152,''),(760,100,153,''),(761,100,154,''),(762,100,155,''),(763,100,156,''),(764,100,157,''),(765,100,158,''),(766,100,159,''),(767,100,160,''),(768,100,161,''),(769,100,162,''),(770,100,163,''),(771,100,164,''),(772,100,165,''),(773,100,166,''),(774,100,167,''),(775,100,168,''),(776,101,84,''),(777,101,89,''),(778,101,90,''),(779,101,83,''),(780,101,107,''),(781,101,93,''),(782,101,92,''),(783,101,95,''),(784,101,96,''),(785,101,108,''),(786,101,109,''),(787,101,110,''),(788,101,111,''),(789,101,112,''),(790,101,113,''),(791,101,114,''),(792,101,115,''),(793,101,116,''),(794,101,117,''),(795,101,118,''),(796,101,119,''),(797,101,120,''),(798,101,124,''),(799,101,125,''),(800,101,121,''),(801,101,122,''),(802,101,123,''),(803,101,126,''),(804,101,127,''),(805,101,129,''),(806,101,130,''),(807,101,128,''),(808,101,131,''),(809,101,132,''),(810,101,133,''),(811,101,134,''),(812,101,135,''),(813,101,136,''),(814,101,137,''),(815,101,138,''),(816,101,139,''),(817,101,140,''),(818,101,141,''),(819,101,142,''),(820,101,143,''),(821,101,144,''),(822,101,145,''),(823,101,146,''),(824,101,147,''),(825,101,148,''),(826,101,149,''),(827,101,150,''),(828,101,151,''),(829,101,152,''),(830,101,153,''),(831,101,154,''),(832,101,155,''),(833,101,156,''),(834,101,157,''),(835,101,158,''),(836,101,159,''),(837,101,160,''),(838,101,161,''),(839,101,162,''),(840,101,163,''),(841,101,164,''),(842,101,165,''),(843,101,166,''),(844,101,167,''),(845,101,168,''),(846,101,169,''),(847,101,170,''),(848,101,171,''),(849,101,172,''),(850,101,173,''),(851,101,174,''),(852,101,175,''),(853,101,176,''),(854,101,177,''),(855,101,178,''),(856,102,84,''),(857,102,89,''),(858,102,90,''),(859,102,83,''),(860,102,107,''),(861,102,93,''),(862,102,92,''),(863,102,95,''),(864,102,96,''),(865,102,108,''),(866,102,109,''),(867,102,110,''),(868,102,111,''),(869,102,112,''),(870,102,113,''),(871,102,114,''),(872,102,115,''),(873,102,116,''),(874,102,117,''),(875,102,118,''),(876,102,119,''),(877,102,120,''),(878,102,124,''),(879,102,125,''),(880,102,121,''),(881,102,122,''),(882,102,123,''),(883,102,126,''),(884,102,127,''),(885,102,129,''),(886,102,130,''),(887,102,128,''),(888,102,131,''),(889,102,132,''),(890,102,133,''),(891,102,134,''),(892,102,135,''),(893,102,136,''),(894,102,137,''),(895,102,138,''),(896,102,139,''),(897,102,140,''),(898,102,141,''),(899,102,142,''),(900,102,143,''),(901,102,144,''),(902,102,145,''),(903,102,146,''),(904,102,147,''),(905,102,148,''),(906,102,149,''),(907,102,150,''),(908,102,151,''),(909,102,152,''),(910,102,153,''),(911,102,154,''),(912,102,155,''),(913,102,156,''),(914,102,157,''),(915,102,158,''),(916,102,159,''),(917,102,160,''),(918,102,161,''),(919,102,162,''),(920,102,163,''),(921,102,164,''),(922,102,165,''),(923,102,166,''),(924,102,167,''),(925,102,168,''),(926,102,169,''),(927,102,170,''),(928,102,171,''),(929,102,172,''),(930,102,173,''),(931,102,174,''),(932,102,175,''),(933,102,176,''),(934,102,177,''),(935,102,178,''),(936,102,179,NULL),(937,102,180,NULL),(938,102,181,NULL),(939,102,182,NULL),(940,102,183,NULL),(941,102,184,NULL),(942,102,185,NULL),(943,102,186,NULL),(944,102,187,NULL),(945,102,188,NULL),(946,103,84,''),(947,103,89,''),(948,103,90,''),(949,103,83,''),(950,103,107,''),(951,103,93,''),(952,103,92,''),(953,103,95,''),(954,103,96,''),(955,103,108,''),(956,103,109,''),(957,103,110,''),(958,103,111,''),(959,103,112,''),(960,103,113,''),(961,103,114,''),(962,103,115,''),(963,103,116,''),(964,103,117,''),(965,103,118,''),(966,103,119,''),(967,103,120,''),(968,103,124,''),(969,103,125,''),(970,103,121,''),(971,103,122,''),(972,103,123,''),(973,103,126,''),(974,103,127,''),(975,103,129,''),(976,103,130,''),(977,103,128,''),(978,103,131,''),(979,103,132,''),(980,103,133,''),(981,103,134,''),(982,103,135,''),(983,103,136,''),(984,103,137,''),(985,103,138,''),(986,103,139,''),(987,103,140,''),(988,103,141,''),(989,103,142,''),(990,103,143,''),(991,103,144,''),(992,103,145,''),(993,103,146,''),(994,103,147,''),(995,103,148,''),(996,103,149,''),(997,103,150,''),(998,103,151,''),(999,103,152,''),(1000,103,153,''),(1001,103,154,''),(1002,103,155,''),(1003,103,156,''),(1004,103,157,''),(1005,103,158,''),(1006,103,159,''),(1007,103,160,''),(1008,103,161,''),(1009,103,162,''),(1010,103,163,''),(1011,103,164,''),(1012,103,165,''),(1013,103,166,''),(1014,103,167,''),(1015,103,168,''),(1016,103,169,''),(1017,103,170,''),(1018,103,171,''),(1019,103,172,''),(1020,103,173,''),(1021,103,174,''),(1022,103,175,''),(1023,103,176,''),(1024,103,177,''),(1025,103,178,''),(1026,103,179,''),(1027,103,180,''),(1028,103,181,''),(1029,103,182,''),(1030,103,183,''),(1031,103,184,''),(1032,103,185,''),(1033,103,186,''),(1034,103,187,''),(1035,103,188,''),(1036,103,189,''),(1037,103,190,''),(1038,103,191,''),(1039,103,192,''),(1040,103,193,''),(1041,104,84,''),(1042,104,89,''),(1043,104,90,''),(1044,104,83,''),(1045,104,107,''),(1046,104,93,''),(1047,104,92,''),(1048,104,95,''),(1049,104,96,''),(1050,104,108,''),(1051,104,109,''),(1052,104,110,''),(1053,104,111,''),(1054,104,112,''),(1055,104,113,''),(1056,104,114,''),(1057,104,115,''),(1058,104,116,''),(1059,104,117,''),(1060,104,118,''),(1061,104,119,''),(1062,104,120,''),(1063,104,124,''),(1064,104,125,''),(1065,104,121,''),(1066,104,122,''),(1067,104,123,''),(1068,104,126,''),(1069,104,127,''),(1070,104,129,''),(1071,104,130,''),(1072,104,128,''),(1073,104,131,''),(1074,104,132,''),(1075,104,133,''),(1076,104,134,''),(1077,104,135,''),(1078,104,136,''),(1079,104,137,''),(1080,104,138,''),(1081,104,139,''),(1082,104,140,''),(1083,104,141,''),(1084,104,142,''),(1085,104,143,''),(1086,104,144,''),(1087,104,145,''),(1088,104,146,''),(1089,104,147,''),(1090,104,148,''),(1091,104,149,''),(1092,104,150,''),(1093,104,151,''),(1094,104,152,''),(1095,104,153,''),(1096,104,154,''),(1097,104,155,''),(1098,104,156,''),(1099,104,157,''),(1100,104,158,''),(1101,104,159,''),(1102,104,160,''),(1103,104,161,''),(1104,104,162,''),(1105,104,163,''),(1106,104,164,''),(1107,104,165,''),(1108,104,166,''),(1109,104,167,''),(1110,104,168,''),(1111,104,169,''),(1112,104,170,''),(1113,104,171,''),(1114,104,172,''),(1115,104,173,''),(1116,104,174,''),(1117,104,175,''),(1118,104,176,''),(1119,104,177,''),(1120,104,178,''),(1121,104,179,''),(1122,104,180,''),(1123,104,181,''),(1124,104,182,''),(1125,104,183,''),(1126,104,184,''),(1127,104,185,''),(1128,104,186,''),(1129,104,187,''),(1130,104,188,''),(1131,104,189,''),(1132,104,190,''),(1133,104,191,''),(1134,104,192,''),(1135,104,193,''),(1136,104,194,''),(1137,104,195,''),(1138,104,196,''),(1139,104,197,''),(1140,104,198,''),(1141,104,199,''),(1142,104,200,NULL),(1143,104,201,NULL),(1144,104,202,NULL),(1145,104,203,NULL),(1146,104,204,NULL),(1147,104,205,NULL),(1148,105,84,''),(1149,105,89,''),(1150,105,90,''),(1151,105,83,''),(1152,105,107,''),(1153,105,93,''),(1154,105,92,''),(1155,105,95,''),(1156,105,96,''),(1157,105,108,''),(1158,105,109,''),(1159,105,110,''),(1160,105,111,''),(1161,105,112,''),(1162,105,113,''),(1163,105,114,''),(1164,105,115,''),(1165,105,116,''),(1166,105,117,''),(1167,105,118,''),(1168,105,119,''),(1169,105,120,''),(1170,105,124,''),(1171,105,125,''),(1172,105,121,''),(1173,105,122,''),(1174,105,123,''),(1175,105,126,''),(1176,105,127,''),(1177,105,129,''),(1178,105,130,''),(1179,105,128,''),(1180,105,131,''),(1181,105,132,''),(1182,105,133,''),(1183,105,134,''),(1184,105,135,''),(1185,105,136,''),(1186,105,137,''),(1187,105,138,''),(1188,105,139,''),(1189,105,140,''),(1190,105,141,''),(1191,105,142,''),(1192,105,143,''),(1193,105,144,''),(1194,105,145,''),(1195,105,146,''),(1196,105,147,''),(1197,105,148,''),(1198,105,149,''),(1199,105,150,''),(1200,105,151,''),(1201,105,152,''),(1202,105,153,''),(1203,105,154,''),(1204,105,155,''),(1205,105,156,''),(1206,105,157,''),(1207,105,158,''),(1208,105,159,''),(1209,105,160,''),(1210,105,161,''),(1211,105,162,''),(1212,105,163,''),(1213,105,164,''),(1214,105,165,''),(1215,105,166,''),(1216,105,167,''),(1217,105,168,''),(1218,105,169,''),(1219,105,170,''),(1220,105,171,''),(1221,105,172,''),(1222,105,173,''),(1223,105,174,''),(1224,105,175,''),(1225,105,176,''),(1226,105,177,''),(1227,105,178,''),(1228,105,179,''),(1229,105,180,''),(1230,105,181,''),(1231,105,182,''),(1232,105,183,''),(1233,105,184,''),(1234,105,185,''),(1235,105,186,''),(1236,105,187,''),(1237,105,188,''),(1238,105,189,''),(1239,105,190,''),(1240,105,191,''),(1241,105,192,''),(1242,105,193,''),(1243,105,194,''),(1244,105,195,''),(1245,105,196,''),(1246,105,197,''),(1247,105,198,''),(1248,105,199,''),(1249,105,200,''),(1250,105,201,''),(1251,105,202,''),(1252,105,203,''),(1253,105,204,''),(1254,105,205,''),(1255,105,206,''),(1256,105,207,''),(1257,105,208,''),(1258,105,209,''),(1259,105,210,''),(1260,105,211,''),(1261,105,212,''),(1262,105,213,''),(1263,105,214,''),(1264,105,215,''),(1265,105,216,''),(1266,105,217,''),(1267,106,84,''),(1268,106,89,''),(1269,106,90,''),(1270,106,83,'1'),(1271,106,107,''),(1272,106,93,''),(1273,106,92,''),(1274,106,95,''),(1275,106,96,''),(1276,106,108,''),(1277,106,109,''),(1278,106,110,''),(1279,106,111,''),(1280,106,112,''),(1281,106,113,''),(1282,106,114,''),(1283,106,115,''),(1284,106,116,''),(1285,106,117,''),(1286,106,118,''),(1287,106,119,''),(1288,106,120,''),(1289,106,124,''),(1290,106,125,''),(1291,106,121,''),(1292,106,122,''),(1293,106,123,''),(1294,106,126,''),(1295,106,127,''),(1296,106,129,''),(1297,106,130,''),(1298,106,128,''),(1299,106,131,''),(1300,106,132,''),(1301,106,133,''),(1302,106,134,''),(1303,106,135,''),(1304,106,136,''),(1305,106,137,''),(1306,106,138,''),(1307,106,139,''),(1308,106,140,''),(1309,106,141,''),(1310,106,142,''),(1311,106,143,''),(1312,106,144,''),(1313,106,145,''),(1314,106,146,''),(1315,106,147,''),(1316,106,148,''),(1317,106,149,''),(1318,106,150,''),(1319,106,151,''),(1320,106,152,''),(1321,106,153,''),(1322,106,154,''),(1323,106,155,''),(1324,106,156,''),(1325,106,157,''),(1326,106,158,''),(1327,106,159,''),(1328,106,160,''),(1329,106,161,''),(1330,106,162,''),(1331,106,163,''),(1332,106,164,''),(1333,106,165,''),(1334,106,166,''),(1335,106,167,''),(1336,106,168,''),(1337,106,169,''),(1338,106,170,''),(1339,106,171,''),(1340,106,172,''),(1341,106,173,''),(1342,106,174,''),(1343,106,175,''),(1344,106,176,''),(1345,106,177,''),(1346,106,178,''),(1347,106,179,''),(1348,106,180,''),(1349,106,181,''),(1350,106,182,''),(1351,106,183,''),(1352,106,184,''),(1353,106,185,''),(1354,106,186,''),(1355,106,187,''),(1356,106,188,''),(1357,106,189,''),(1358,106,190,''),(1359,106,191,''),(1360,106,192,''),(1361,106,193,''),(1362,106,194,''),(1363,106,195,''),(1364,106,196,''),(1365,106,197,''),(1366,106,198,''),(1367,106,199,''),(1368,106,200,''),(1369,106,201,''),(1370,106,202,''),(1371,106,203,''),(1372,106,204,''),(1373,106,205,''),(1374,106,206,''),(1375,106,207,''),(1376,106,208,''),(1377,106,209,''),(1378,106,210,''),(1379,106,211,''),(1380,106,212,''),(1381,106,213,''),(1382,106,214,''),(1383,106,215,''),(1384,106,216,''),(1385,106,217,''),(1386,107,84,''),(1387,107,89,''),(1388,107,90,''),(1389,107,83,''),(1390,107,107,''),(1391,107,93,''),(1392,107,92,''),(1393,107,95,''),(1394,107,96,''),(1395,107,108,''),(1396,107,109,''),(1397,107,110,''),(1398,107,111,''),(1399,107,112,''),(1400,107,113,''),(1401,107,114,''),(1402,107,115,''),(1403,107,116,''),(1404,107,117,''),(1405,107,118,''),(1406,107,119,''),(1407,107,120,''),(1408,107,124,''),(1409,107,125,''),(1410,107,121,''),(1411,107,122,''),(1412,107,123,''),(1413,107,126,''),(1414,107,127,''),(1415,107,129,''),(1416,107,130,''),(1417,107,128,''),(1418,107,131,''),(1419,107,132,''),(1420,107,133,''),(1421,107,134,''),(1422,107,135,''),(1423,107,136,''),(1424,107,137,''),(1425,107,138,''),(1426,107,139,''),(1427,107,140,''),(1428,107,141,''),(1429,107,142,''),(1430,107,143,''),(1431,107,144,''),(1432,107,145,''),(1433,107,146,''),(1434,107,147,''),(1435,107,148,''),(1436,107,149,''),(1437,107,150,''),(1438,107,151,''),(1439,107,152,''),(1440,107,153,''),(1441,107,154,''),(1442,107,155,''),(1443,107,156,''),(1444,107,157,''),(1445,107,158,''),(1446,107,159,''),(1447,107,160,''),(1448,107,161,''),(1449,107,162,''),(1450,107,163,''),(1451,107,164,''),(1452,107,165,''),(1453,107,166,''),(1454,107,167,''),(1455,107,168,''),(1456,107,169,''),(1457,107,170,''),(1458,107,171,''),(1459,107,172,''),(1460,107,173,''),(1461,107,174,''),(1462,107,175,''),(1463,107,176,''),(1464,107,177,''),(1465,107,178,''),(1466,107,179,''),(1467,107,180,''),(1468,107,181,''),(1469,107,182,''),(1470,107,183,''),(1471,107,184,''),(1472,107,185,''),(1473,107,186,''),(1474,107,187,''),(1475,107,188,''),(1476,107,189,''),(1477,107,190,''),(1478,107,191,''),(1479,107,192,''),(1480,107,193,''),(1481,107,194,''),(1482,107,195,''),(1483,107,196,''),(1484,107,197,''),(1485,107,198,''),(1486,107,199,''),(1487,107,200,''),(1488,107,201,''),(1489,107,202,''),(1490,107,203,''),(1491,107,204,''),(1492,107,205,''),(1493,107,206,''),(1494,107,207,''),(1495,107,208,''),(1496,107,209,''),(1497,107,210,''),(1498,107,211,''),(1499,107,212,''),(1500,107,213,''),(1501,107,214,''),(1502,107,215,''),(1503,107,216,''),(1504,107,217,''),(1505,108,84,''),(1506,108,89,''),(1507,108,90,''),(1508,108,83,''),(1509,108,107,''),(1510,108,93,''),(1511,108,92,''),(1512,108,95,''),(1513,108,96,''),(1514,108,108,''),(1515,108,109,''),(1516,108,110,''),(1517,108,111,''),(1518,108,112,''),(1519,108,113,''),(1520,108,114,''),(1521,108,115,''),(1522,108,116,''),(1523,108,117,''),(1524,108,118,''),(1525,108,119,''),(1526,108,120,''),(1527,108,124,''),(1528,108,125,''),(1529,108,121,''),(1530,108,122,''),(1531,108,123,''),(1532,108,126,''),(1533,108,127,''),(1534,108,129,''),(1535,108,130,''),(1536,108,128,''),(1537,108,131,''),(1538,108,132,''),(1539,108,133,''),(1540,108,134,''),(1541,108,135,''),(1542,108,136,''),(1543,108,137,''),(1544,108,138,''),(1545,108,139,''),(1546,108,140,''),(1547,108,141,''),(1548,108,142,''),(1549,108,143,''),(1550,108,144,''),(1551,108,145,''),(1552,108,146,''),(1553,108,147,''),(1554,108,148,''),(1555,108,149,''),(1556,108,150,''),(1557,108,151,''),(1558,108,152,''),(1559,108,153,''),(1560,108,154,''),(1561,108,155,''),(1562,108,156,''),(1563,108,157,''),(1564,108,158,''),(1565,108,159,''),(1566,108,160,''),(1567,108,161,''),(1568,108,162,''),(1569,108,163,''),(1570,108,164,''),(1571,108,165,''),(1572,108,166,''),(1573,108,167,''),(1574,108,168,''),(1575,108,169,''),(1576,108,170,''),(1577,108,171,''),(1578,108,172,''),(1579,108,173,''),(1580,108,174,''),(1581,108,175,''),(1582,108,176,''),(1583,108,177,''),(1584,108,178,''),(1585,108,179,''),(1586,108,180,''),(1587,108,181,''),(1588,108,182,''),(1589,108,183,''),(1590,108,184,''),(1591,108,185,''),(1592,108,186,''),(1593,108,187,''),(1594,108,188,''),(1595,108,189,''),(1596,108,190,''),(1597,108,191,''),(1598,108,192,''),(1599,108,193,''),(1600,108,194,''),(1601,108,195,''),(1602,108,196,''),(1603,108,197,''),(1604,108,198,''),(1605,108,199,''),(1606,108,200,''),(1607,108,201,''),(1608,108,202,''),(1609,108,203,''),(1610,108,204,''),(1611,108,205,''),(1612,108,206,''),(1613,108,207,''),(1614,108,208,''),(1615,108,209,''),(1616,108,210,''),(1617,108,211,''),(1618,108,212,''),(1619,108,213,''),(1620,108,214,''),(1621,108,215,''),(1622,108,216,''),(1623,108,217,''),(1624,109,84,''),(1625,109,89,''),(1626,109,90,''),(1627,109,83,''),(1628,109,107,''),(1629,109,93,''),(1630,109,92,''),(1631,109,95,''),(1632,109,96,''),(1633,109,108,''),(1634,109,109,''),(1635,109,110,''),(1636,109,111,''),(1637,109,112,''),(1638,109,113,''),(1639,109,114,''),(1640,109,115,''),(1641,109,116,''),(1642,109,117,''),(1643,109,118,''),(1644,109,119,''),(1645,109,120,''),(1646,109,124,''),(1647,109,125,''),(1648,109,121,''),(1649,109,122,''),(1650,109,123,''),(1651,109,126,''),(1652,109,127,''),(1653,109,129,''),(1654,109,130,''),(1655,109,128,''),(1656,109,131,''),(1657,109,132,''),(1658,109,133,''),(1659,109,134,''),(1660,109,135,''),(1661,109,136,''),(1662,109,137,''),(1663,109,138,''),(1664,109,139,''),(1665,109,140,''),(1666,109,141,''),(1667,109,142,''),(1668,109,143,''),(1669,109,144,''),(1670,109,145,''),(1671,109,146,''),(1672,109,147,''),(1673,109,148,''),(1674,109,149,''),(1675,109,150,''),(1676,109,151,''),(1677,109,152,''),(1678,109,153,''),(1679,109,154,''),(1680,109,155,''),(1681,109,156,''),(1682,109,157,''),(1683,109,158,''),(1684,109,159,''),(1685,109,160,''),(1686,109,161,''),(1687,109,162,''),(1688,109,163,''),(1689,109,164,''),(1690,109,165,''),(1691,109,166,''),(1692,109,167,''),(1693,109,168,''),(1694,109,169,''),(1695,109,170,''),(1696,109,171,''),(1697,109,172,''),(1698,109,173,''),(1699,109,174,''),(1700,109,175,''),(1701,109,176,''),(1702,109,177,''),(1703,109,178,''),(1704,109,179,''),(1705,109,180,''),(1706,109,181,''),(1707,109,182,''),(1708,109,183,''),(1709,109,184,''),(1710,109,185,''),(1711,109,186,''),(1712,109,187,''),(1713,109,188,''),(1714,109,189,''),(1715,109,190,''),(1716,109,191,''),(1717,109,192,''),(1718,109,193,''),(1719,109,194,''),(1720,109,195,''),(1721,109,196,''),(1722,109,197,''),(1723,109,198,''),(1724,109,199,''),(1725,109,200,''),(1726,109,201,''),(1727,109,202,''),(1728,109,203,''),(1729,109,204,''),(1730,109,205,''),(1731,109,206,''),(1732,109,207,''),(1733,109,208,''),(1734,109,209,''),(1735,109,210,''),(1736,109,211,''),(1737,109,212,''),(1738,109,213,''),(1739,109,214,''),(1740,109,215,''),(1741,109,216,''),(1742,109,217,''),(1743,110,84,'1'),(1744,110,89,'1'),(1745,110,90,'1'),(1746,110,83,'1'),(1747,110,107,'1'),(1748,110,93,'1'),(1749,110,92,'1'),(1750,110,95,'3'),(1751,110,96,'2'),(1752,110,108,'1'),(1753,110,109,'1'),(1754,110,110,'1'),(1755,110,111,'1'),(1756,110,112,'1'),(1757,110,113,'1'),(1758,110,114,'1'),(1759,110,115,'1'),(1760,110,116,'1'),(1761,110,117,'1'),(1762,110,118,'1'),(1763,110,119,'1'),(1764,110,120,'1'),(1765,110,124,'2'),(1766,110,125,'2'),(1767,110,121,'1'),(1768,110,122,'1'),(1769,110,123,'1'),(1770,110,126,'2'),(1771,110,127,'2'),(1772,110,129,'1'),(1773,110,130,'1'),(1774,110,128,'1'),(1775,110,131,'1'),(1776,110,132,'1'),(1777,110,133,'1'),(1778,110,134,'1'),(1779,110,135,'1'),(1780,110,136,'1'),(1781,110,137,'2'),(1782,110,138,'2'),(1783,110,139,'1'),(1784,110,140,'1'),(1785,110,141,'1'),(1786,110,142,'1'),(1787,110,143,'1'),(1788,110,144,'1'),(1789,110,145,'1'),(1790,110,146,'1'),(1791,110,147,'2'),(1792,110,148,'2'),(1793,110,149,'1'),(1794,110,150,'1'),(1795,110,151,'1'),(1796,110,152,'1'),(1797,110,153,'1'),(1798,110,154,'1'),(1799,110,155,'1'),(1800,110,156,'1'),(1801,110,157,'2'),(1802,110,158,'2'),(1803,110,159,'1'),(1804,110,160,'1'),(1805,110,161,'1'),(1806,110,162,'1'),(1807,110,163,'1'),(1808,110,164,'1'),(1809,110,165,'1'),(1810,110,166,'1'),(1811,110,167,'2'),(1812,110,168,'2'),(1813,110,169,'1'),(1814,110,170,'1'),(1815,110,171,'1'),(1816,110,172,'1'),(1817,110,173,'1'),(1818,110,174,'1'),(1819,110,175,'1'),(1820,110,176,'1'),(1821,110,177,'2'),(1822,110,178,'2'),(1823,110,179,'1'),(1824,110,180,'1'),(1825,110,181,'1'),(1826,110,182,'1'),(1827,110,183,'1'),(1828,110,184,'1'),(1829,110,185,'1'),(1830,110,186,'1'),(1831,110,187,'2'),(1832,110,188,'2'),(1833,110,189,'1'),(1834,110,190,'1'),(1835,110,191,'1'),(1836,110,192,'1'),(1837,110,193,'1'),(1838,110,194,'1'),(1839,110,195,'1'),(1840,110,196,'1'),(1841,110,197,'1'),(1842,110,198,'1'),(1843,110,199,'1'),(1844,110,200,'1'),(1845,110,201,'1'),(1846,110,202,'1'),(1847,110,203,'1'),(1848,110,204,'1'),(1849,110,205,'1'),(1850,110,206,'1'),(1851,110,207,'1'),(1852,110,208,'1'),(1853,110,209,'1'),(1854,110,210,'1'),(1855,110,211,'1'),(1856,110,212,'1'),(1857,110,213,'1'),(1858,110,214,'1'),(1859,110,215,'1'),(1860,110,216,'1'),(1861,110,217,'1'),(1862,110,218,'1'),(1863,110,219,'1'),(1864,110,220,'1'),(1865,110,221,'1'),(1866,110,222,'1'),(1867,110,223,'1'),(1868,110,224,'1'),(1869,110,225,'1'),(1870,110,226,'1'),(1871,110,227,'1'),(1872,110,228,'1'),(1873,110,229,'1'),(1874,110,230,'1'),(1875,110,231,'1'),(1876,110,232,'1'),(1877,110,233,'1'),(1878,110,234,'1'),(1879,110,235,'1'),(1880,110,236,'1'),(1881,110,237,'1'),(1882,110,238,'1'),(1883,110,239,'1'),(1884,110,240,'1'),(1885,110,241,'1'),(1886,110,242,'1'),(1887,110,243,'1'),(1888,110,244,'1'),(1889,110,245,'1'),(1890,110,246,'1'),(1891,110,247,'1'),(1892,110,248,'1'),(1893,110,249,'1'),(1894,110,250,'1'),(1895,110,251,'1'),(1896,110,252,'1'),(1897,110,253,'1'),(1898,110,254,'1'),(1899,110,255,'1'),(1900,110,256,'1'),(1901,110,257,'1'),(1902,110,258,'1'),(1903,110,259,'1'),(1904,110,260,'1'),(1905,110,261,'1'),(1906,110,262,'1'),(1907,110,263,'1'),(1908,110,264,'1'),(1909,110,265,'1'),(1910,110,266,'1'),(1911,110,267,'1'),(1912,110,268,'1'),(1913,111,1,'true'),(1914,112,2,'1'),(1915,113,84,'1'),(1916,113,89,'1'),(1917,113,90,'1'),(1918,113,83,'1'),(1919,113,107,'1'),(1920,113,93,'1'),(1921,113,92,'1'),(1922,113,95,'2'),(1923,113,96,'2'),(1924,113,108,'1'),(1925,113,109,'1'),(1926,113,110,'1'),(1927,113,111,'1'),(1928,113,112,'1'),(1929,113,113,'1'),(1930,113,114,'1'),(1931,113,115,'1'),(1932,113,116,'1'),(1933,113,117,'1'),(1934,113,118,'1'),(1935,113,119,'1'),(1936,113,120,'1'),(1937,113,124,'2'),(1938,113,125,'2'),(1939,113,121,'1'),(1940,113,122,'1'),(1941,113,123,'1'),(1942,113,126,'2'),(1943,113,127,'2'),(1944,113,129,'1'),(1945,113,130,'1'),(1946,113,128,'1'),(1947,113,131,'1'),(1948,113,132,'1'),(1949,113,133,'1'),(1950,113,134,'1'),(1951,113,135,'1'),(1952,113,136,'1'),(1953,113,137,'2'),(1954,113,138,'2'),(1955,113,139,'1'),(1956,113,140,'1'),(1957,113,141,'1'),(1958,113,142,'1'),(1959,113,143,'1'),(1960,113,144,'1'),(1961,113,145,'1'),(1962,113,146,'1'),(1963,113,147,'2'),(1964,113,148,'2'),(1965,113,149,'1'),(1966,113,150,'1'),(1967,113,151,'1'),(1968,113,152,'1'),(1969,113,153,'1'),(1970,113,154,'1'),(1971,113,155,'1'),(1972,113,156,'1'),(1973,113,157,'2'),(1974,113,158,'2'),(1975,113,159,'1'),(1976,113,160,'1'),(1977,113,161,'1'),(1978,113,162,'1'),(1979,113,163,'1'),(1980,113,164,'1'),(1981,113,165,'1'),(1982,113,166,'1'),(1983,113,167,'2'),(1984,113,168,'2'),(1985,113,169,'1'),(1986,113,170,'1'),(1987,113,171,'1'),(1988,113,172,'1'),(1989,113,173,'1'),(1990,113,174,'1'),(1991,113,175,'1'),(1992,113,176,'1'),(1993,113,177,'2'),(1994,113,178,'2'),(1995,113,179,'1'),(1996,113,180,'1'),(1997,113,181,'1'),(1998,113,182,'1'),(1999,113,183,'1'),(2000,113,184,'1'),(2001,113,185,'1'),(2002,113,186,'1'),(2003,113,187,'2'),(2004,113,188,'2'),(2005,113,189,'1'),(2006,113,190,'1'),(2007,113,191,'1'),(2008,113,192,'1'),(2009,113,193,'1'),(2010,113,194,'1'),(2011,113,195,'1'),(2012,113,196,'1'),(2013,113,197,'1'),(2014,113,198,'1'),(2015,113,199,'1'),(2016,113,200,'1'),(2017,113,201,'1'),(2018,113,202,'1'),(2019,113,203,'1'),(2020,113,204,'1'),(2021,113,205,'1'),(2022,113,206,'1'),(2023,113,207,'1'),(2024,113,208,'1'),(2025,113,209,'1'),(2026,113,210,'1'),(2027,113,211,'1'),(2028,113,212,'1'),(2029,113,213,'1'),(2030,113,214,'1'),(2031,113,215,'1'),(2032,113,216,'1'),(2033,113,217,'1'),(2034,113,218,'1'),(2035,113,219,'1'),(2036,113,220,'1'),(2037,113,221,'1'),(2038,113,222,'1'),(2039,113,223,'1'),(2040,113,224,'1'),(2041,113,225,'1'),(2042,113,226,'1'),(2043,113,227,'1'),(2044,113,228,'1'),(2045,113,229,'1'),(2046,113,230,'1'),(2047,113,231,'1'),(2048,113,232,'1'),(2049,113,233,'1'),(2050,113,234,'1'),(2051,113,235,'1'),(2052,113,236,'1'),(2053,113,237,'1'),(2054,113,238,'1'),(2055,113,239,'1'),(2056,113,240,'1'),(2057,113,241,'1'),(2058,113,242,'1'),(2059,113,243,'1'),(2060,113,244,'1'),(2061,113,245,'1'),(2062,113,246,'1'),(2063,113,247,'1'),(2064,113,248,'1'),(2065,113,249,'1'),(2066,113,250,'1'),(2067,113,251,'1'),(2068,113,252,'1'),(2069,113,253,'1'),(2070,113,254,'1'),(2071,113,255,'1'),(2072,113,256,'1'),(2073,113,257,'1'),(2074,113,258,'1'),(2075,113,259,'1'),(2076,113,260,'1'),(2077,113,261,'1'),(2078,113,262,'1'),(2079,113,263,'1'),(2080,113,264,'1'),(2081,113,265,'1'),(2082,113,266,'1'),(2083,113,267,'1'),(2084,113,268,'1'),(2085,113,269,'Additional comment'),(2086,114,1,'true'),(2087,114,270,'on'),(2088,115,1,'true'),(2089,115,270,'on'),(2090,116,1,'true'),(2091,116,270,'programming'),(2093,118,1,'true'),(2094,118,270,'programming,development'),(2095,119,1,'true'),(2096,119,270,'programming'),(2097,119,271,'male'),(2098,120,82,'5'),(2099,120,5,'5'),(2100,121,270,'programming,development'),(2101,121,271,'male'),(2102,122,270,'programming,development'),(2103,122,271,'male'),(2104,122,1,'true');
/*!40000 ALTER TABLE `form_submission_field` ENABLE KEYS */;
UNLOCK TABLES;
/*!40103 SET TIME_ZONE=@OLD_TIME_ZONE */;

/*!40101 SET SQL_MODE=@OLD_SQL_MODE */;
/*!40014 SET FOREIGN_KEY_CHECKS=@OLD_FOREIGN_KEY_CHECKS */;
/*!40014 SET UNIQUE_CHECKS=@OLD_UNIQUE_CHECKS */;
/*!40101 SET CHARACTER_SET_CLIENT=@OLD_CHARACTER_SET_CLIENT */;
/*!40101 SET CHARACTER_SET_RESULTS=@OLD_CHARACTER_SET_RESULTS */;
/*!40101 SET COLLATION_CONNECTION=@OLD_COLLATION_CONNECTION */;
/*!40111 SET SQL_NOTES=@OLD_SQL_NOTES */;

-- Dump completed on 2017-08-08 13:25:04
